#
# There is insufficient memory for the Java Runtime Environment to continue.
# Native memory allocation (mmap) failed to map 114294784 bytes. Error detail: G1 virtual space
# Possible reasons:
#   The system is out of physical RAM or swap space
#   This process is running with CompressedOops enabled, and the Java Heap may be blocking the growth of the native heap
# Possible solutions:
#   Reduce memory load on the system
#   Increase physical memory or swap space
#   Check if swap backing store is full
#   Decrease Java heap size (-Xmx/-Xms)
#   Decrease number of Java threads
#   Decrease Java thread stack sizes (-Xss)
#   Set larger code cache with -XX:ReservedCodeCacheSize=
#   JVM is running with Unscaled Compressed Oops mode in which the Java heap is
#     placed in the first 4GB address space. The Java Heap base address is the
#     maximum limit for the native heap growth. Please use -XX:HeapBaseMinAddress
#     to set the Java Heap base and to place the Java Heap above 4GB virtual address.
# This output file may be truncated or incomplete.
#
#  Out of Memory Error (os_windows.cpp:3828), pid=35100, tid=23984
#
# JRE version: OpenJDK Runtime Environment (21.0.5) (build 21.0.5+-13047016-b750.29)
# Java VM: OpenJDK 64-Bit Server VM (21.0.5+-13047016-b750.29, mixed mode, tiered, compressed oops, compressed class ptrs, g1 gc, windows-amd64)
# No core dump will be written. Minidumps are not enabled by default on client versions of Windows
#

---------------  S U M M A R Y ------------

Command Line: --add-opens=java.base/java.util=ALL-UNNAMED --add-opens=java.base/java.lang=ALL-UNNAMED --add-opens=java.base/java.lang.invoke=ALL-UNNAMED --add-opens=java.prefs/java.util.prefs=ALL-UNNAMED --add-exports=jdk.compiler/com.sun.tools.javac.api=ALL-UNNAMED --add-exports=jdk.compiler/com.sun.tools.javac.util=ALL-UNNAMED --add-opens=java.base/java.nio.charset=ALL-UNNAMED --add-opens=java.base/java.net=ALL-UNNAMED --add-opens=java.base/java.util.concurrent.atomic=ALL-UNNAMED -Xmx2048m -Dfile.encoding=UTF-8 -Duser.country=TW -Duser.language=zh -Duser.variant -javaagent:C:\Users\User\.gradle\wrapper\dists\gradle-8.10.2-bin\a04bxjujx95o3nb99gddekhwo\gradle-8.10.2\lib\agents\gradle-instrumentation-agent-8.10.2.jar org.gradle.launcher.daemon.bootstrap.GradleDaemon 8.10.2

Host: 11th Gen Intel(R) Core(TM) i7-11800H @ 2.30GHz, 16 cores, 7G,  Windows 11 , 64 bit Build 22621 (10.0.22621.5262)
Time: Thu Jun  5 14:03:09 2025  Windows 11 , 64 bit Build 22621 (10.0.22621.5262) elapsed time: 64.134451 seconds (0d 0h 1m 4s)

---------------  T H R E A D  ---------------

Current thread (0x0000020ba3d6a660):  VMThread "VM Thread"          [id=23984, stack(0x000000cd91900000,0x000000cd91a00000) (1024K)]

Stack: [0x000000cd91900000,0x000000cd91a00000]
Native frames: (J=compiled Java code, j=interpreted, Vv=VM code, C=native code)
V  [jvm.dll+0x6cfb29]
V  [jvm.dll+0x85df93]
V  [jvm.dll+0x8604ee]
V  [jvm.dll+0x860bd3]
V  [jvm.dll+0x27e6b6]
V  [jvm.dll+0x6cc385]
V  [jvm.dll+0x6c078a]
V  [jvm.dll+0x35525b]
V  [jvm.dll+0x35ceb6]
V  [jvm.dll+0x3aedd6]
V  [jvm.dll+0x3af0a8]
V  [jvm.dll+0x32792c]
V  [jvm.dll+0x3279b7]
V  [jvm.dll+0x36d80c]
V  [jvm.dll+0x36bfbe]
V  [jvm.dll+0x327081]
V  [jvm.dll+0x36b6d0]
V  [jvm.dll+0x866958]
V  [jvm.dll+0x867cd4]
V  [jvm.dll+0x868210]
V  [jvm.dll+0x8684a3]
V  [jvm.dll+0x806368]
V  [jvm.dll+0x6ce3fd]
C  [ucrtbase.dll+0x29333]
C  [KERNEL32.DLL+0x1259d]
C  [ntdll.dll+0x5af58]

VM_Operation (0x000000cd95cf4d90): G1CollectForAllocation, mode: safepoint, requested by thread 0x0000020bab5684e0


---------------  P R O C E S S  ---------------

Threads class SMR info:
_java_thread_list=0x0000020baeaf8920, length=240, elements={
0x0000020b89bdbed0, 0x0000020ba8083630, 0x0000020ba80842e0, 0x0000020ba8100030,
0x0000020ba80d7f30, 0x0000020ba80d8d80, 0x0000020ba80f1530, 0x0000020ba8109310,
0x0000020ba80f6e50, 0x0000020ba80f3600, 0x0000020ba80f0810, 0x0000020ba80f3c90,
0x0000020ba80f2f70, 0x0000020ba80f28e0, 0x0000020ba80f2250, 0x0000020baa24d2e0,
0x0000020baa24fa40, 0x0000020baa250df0, 0x0000020baa250760, 0x0000020baa251480,
0x0000020baa251b10, 0x0000020baa24e690, 0x0000020baa252830, 0x0000020bad119300,
0x0000020bad119990, 0x0000020bab1e1fa0, 0x0000020bab1e2630, 0x0000020bab1e6140,
0x0000020bab569f20, 0x0000020baf4aa810, 0x0000020baf4a8dd0, 0x0000020baf4abbc0,
0x0000020baf4aa180, 0x0000020baf4a9460, 0x0000020baf4a9af0, 0x0000020baf4a5950,
0x0000020baf4ab530, 0x0000020baf4acf70, 0x0000020baf4a6670, 0x0000020baf4a6d00,
0x0000020baf4a7390, 0x0000020baf4a80b0, 0x0000020baf4a8740, 0x0000020bab569200,
0x0000020bab5649d0, 0x0000020bab564340, 0x0000020bab566aa0, 0x0000020bab568b70,
0x0000020bab5677c0, 0x0000020bab567e50, 0x0000020bab5684e0, 0x0000020bab569890,
0x0000020bab562f90, 0x0000020bab56a5b0, 0x0000020bab563620, 0x0000020bab563cb0,
0x0000020bab5656f0, 0x0000020bab1e4700, 0x0000020bab1e5420, 0x0000020bab1e67d0,
0x0000020bab1e39e0, 0x0000020bab1e6e60, 0x0000020bab1e0560, 0x0000020bab1e7b80,
0x0000020bab1e0bf0, 0x0000020bab1e1280, 0x0000020baa24e000, 0x0000020baa2521a0,
0x0000020baa24ed20, 0x0000020baa24f3b0, 0x0000020baa2500d0, 0x0000020baa24c5c0,
0x0000020bad11ba60, 0x0000020bad11b3d0, 0x0000020bad11a6b0, 0x0000020bad1185e0,
0x0000020baa252ec0, 0x0000020baa24bf30, 0x0000020baa253550, 0x0000020ba80f0ea0,
0x0000020ba80f1bc0, 0x0000020bafad1460, 0x0000020bafacfa20, 0x0000020bafad1af0,
0x0000020bafad00b0, 0x0000020bafacbf10, 0x0000020baface670, 0x0000020bafacab60,
0x0000020bafad0740, 0x0000020bafacd2c0, 0x0000020bafad0dd0, 0x0000020bafad2180,
0x0000020bafacb1f0, 0x0000020bafacb880, 0x0000020bafacc5a0, 0x0000020bafaccc30,
0x0000020bafacd950, 0x0000020bafaced00, 0x0000020bafacdfe0, 0x0000020bafacf390,
0x0000020bade02100, 0x0000020baddfd240, 0x0000020baddfc520, 0x0000020bade006c0,
0x0000020baddfd8d0, 0x0000020baddfdf60, 0x0000020bade03b40, 0x0000020baddfe5f0,
0x0000020bade02790, 0x0000020bade02e20, 0x0000020baddff310, 0x0000020baddff9a0,
0x0000020bade034b0, 0x0000020bade00030, 0x0000020baddfcbb0, 0x0000020babb0b910,
0x0000020babb091b0, 0x0000020babb0abf0, 0x0000020babb09ed0, 0x0000020babb07e00,
0x0000020babb09840, 0x0000020babb070e0, 0x0000020babb07770, 0x0000020babb0b280,
0x0000020babb0bfa0, 0x0000020babb08490, 0x0000020babb0c630, 0x0000020babb0e700,
0x0000020babb107d0, 0x0000020babb0d9e0, 0x0000020baab605f0, 0x0000020bacb50390,
0x0000020bacb51dd0, 0x0000020bacb52460, 0x0000020bacb4e2c0, 0x0000020bacb510b0,
0x0000020bacb53810, 0x0000020bacb53180, 0x0000020bacb51740, 0x0000020bacb53ea0,
0x0000020bacb54bc0, 0x0000020bacb4fd00, 0x0000020bacb4e950, 0x0000020bacb57320,
0x0000020bacb59a80, 0x0000020bacb54530, 0x0000020bacb558e0, 0x0000020baba53060,
0x0000020baba57200, 0x0000020baba536f0, 0x0000020baba53d80, 0x0000020baba57890,
0x0000020baba54410, 0x0000020baba50900, 0x0000020baba55130, 0x0000020baba564e0,
0x0000020baba557c0, 0x0000020baba56b70, 0x0000020baba57f20, 0x0000020baba50f90,
0x0000020baba5fbd0, 0x0000020baba58c40, 0x0000020baba5f540, 0x0000020baba59960,
0x0000020baba5c750, 0x0000020baba5b3a0, 0x0000020baba59ff0, 0x0000020baba5a680,
0x0000020baba5ba30, 0x0000020baba5c0c0, 0x0000020baba5ad10, 0x0000020baba592d0,
0x0000020baba5cde0, 0x0000020baba5d470, 0x0000020baba5db00, 0x0000020baba5e190,
0x0000020baba5e820, 0x0000020baba5eeb0, 0x0000020babb0d350, 0x0000020babb0ed90,
0x0000020baab5f850, 0x0000020bafa738f0, 0x0000020bafa6fde0, 0x0000020bafa71eb0,
0x0000020bafa71190, 0x0000020bafa71820, 0x0000020bafa72540, 0x0000020bafa74610,
0x0000020bafa6e3a0, 0x0000020bafa6d680, 0x0000020bafa794d0, 0x0000020bafa766e0,
0x0000020bafa77a90, 0x0000020bafa7b5a0, 0x0000020bafa78120, 0x0000020bafa7a1f0,
0x0000020bafa7af10, 0x0000020bafa787b0, 0x0000020bafa77400, 0x0000020bafa76050,
0x0000020bafa78e40, 0x0000020bafa76d70, 0x0000020bafa75330, 0x0000020bafa79b60,
0x0000020bafa7a880, 0x0000020bafa74ca0, 0x0000020bafa7bc30, 0x0000020bafa759c0,
0x0000020bb046b6b0, 0x0000020bb046c3d0, 0x0000020bb046ca60, 0x0000020baa895ac0,
0x0000020bb0471920, 0x0000020bb046d0f0, 0x0000020bb0470c00, 0x0000020bb046d780,
0x0000020bb046b020, 0x0000020bb046de10, 0x0000020bb046a990, 0x0000020bb0471fb0,
0x0000020bb0471290, 0x0000020bb046eb30, 0x0000020bb046e4a0, 0x0000020bb046fee0,
0x0000020bb046f1c0, 0x0000020bb046f850, 0x0000020bb0472640, 0x0000020baab62ed0,
0x0000020bb0472cd0, 0x0000020bb046bd40, 0x0000020bb0475ac0, 0x0000020bb0474da0,
0x0000020bb04739f0, 0x0000020bb0474080, 0x0000020bb0473360, 0x0000020bb0476150,
0x0000020bb0474710, 0x0000020bb04767e0, 0x0000020bb0475430, 0x0000020bb0476e70
}

Java Threads: ( => current thread )
  0x0000020b89bdbed0 JavaThread "main"                              [_thread_blocked, id=28744, stack(0x000000cd91200000,0x000000cd91300000) (1024K)]
  0x0000020ba8083630 JavaThread "Reference Handler"          daemon [_thread_blocked, id=24844, stack(0x000000cd91a00000,0x000000cd91b00000) (1024K)]
  0x0000020ba80842e0 JavaThread "Finalizer"                  daemon [_thread_blocked, id=26728, stack(0x000000cd91b00000,0x000000cd91c00000) (1024K)]
  0x0000020ba8100030 JavaThread "Signal Dispatcher"          daemon [_thread_blocked, id=3180, stack(0x000000cd91c00000,0x000000cd91d00000) (1024K)]
  0x0000020ba80d7f30 JavaThread "Attach Listener"            daemon [_thread_blocked, id=32544, stack(0x000000cd91d00000,0x000000cd91e00000) (1024K)]
  0x0000020ba80d8d80 JavaThread "Service Thread"             daemon [_thread_blocked, id=33580, stack(0x000000cd91e00000,0x000000cd91f00000) (1024K)]
  0x0000020ba80f1530 JavaThread "Monitor Deflation Thread"   daemon [_thread_blocked, id=37316, stack(0x000000cd91f00000,0x000000cd92000000) (1024K)]
  0x0000020ba8109310 JavaThread "C2 CompilerThread0"         daemon [_thread_blocked, id=38760, stack(0x000000cd92000000,0x000000cd92100000) (1024K)]
  0x0000020ba80f6e50 JavaThread "C1 CompilerThread0"         daemon [_thread_blocked, id=28904, stack(0x000000cd92100000,0x000000cd92200000) (1024K)]
  0x0000020ba80f3600 JavaThread "Common-Cleaner"             daemon [_thread_blocked, id=38572, stack(0x000000cd92200000,0x000000cd92300000) (1024K)]
  0x0000020ba80f0810 JavaThread "Notification Thread"        daemon [_thread_blocked, id=35008, stack(0x000000cd92600000,0x000000cd92700000) (1024K)]
  0x0000020ba80f3c90 JavaThread "Daemon health stats"               [_thread_blocked, id=19088, stack(0x000000cd93200000,0x000000cd93300000) (1024K)]
  0x0000020ba80f2f70 JavaThread "Incoming local TCP Connector on port 55044"        [_thread_in_native, id=36568, stack(0x000000cd92700000,0x000000cd92800000) (1024K)]
  0x0000020ba80f28e0 JavaThread "Daemon periodic checks"            [_thread_blocked, id=13628, stack(0x000000cd93300000,0x000000cd93400000) (1024K)]
  0x0000020ba80f2250 JavaThread "Daemon"                            [_thread_blocked, id=30020, stack(0x000000cd93400000,0x000000cd93500000) (1024K)]
  0x0000020baa24d2e0 JavaThread "Daemon worker"                     [_thread_blocked, id=20420, stack(0x000000cd93700000,0x000000cd93800000) (1024K)]
  0x0000020baa24fa40 JavaThread "Cache worker for journal cache (C:\Users\User\.gradle\caches\journal-1)"        [_thread_blocked, id=25164, stack(0x000000cd94100000,0x000000cd94200000) (1024K)]
  0x0000020baa250df0 JavaThread "File lock request listener"        [_thread_blocked, id=9148, stack(0x000000cd94200000,0x000000cd94300000) (1024K)]
  0x0000020baa250760 JavaThread "Cache worker for file hash cache (C:\Users\User\.gradle\caches\8.10.2\fileHashes)"        [_thread_blocked, id=9080, stack(0x000000cd94300000,0x000000cd94400000) (1024K)]
  0x0000020baa251480 JavaThread "File watcher server"        daemon [_thread_blocked, id=26236, stack(0x000000cd94700000,0x000000cd94800000) (1024K)]
  0x0000020baa251b10 JavaThread "File watcher consumer"      daemon [_thread_blocked, id=34940, stack(0x000000cd94800000,0x000000cd94900000) (1024K)]
  0x0000020baa24e690 JavaThread "Cache worker for file content cache (C:\Users\User\.gradle\caches\8.10.2\fileContent)"        [_thread_blocked, id=13280, stack(0x000000cd94a00000,0x000000cd94b00000) (1024K)]
  0x0000020baa252830 JavaThread "jar transforms"                    [_thread_blocked, id=29396, stack(0x000000cd94d00000,0x000000cd94e00000) (1024K)]
  0x0000020bad119300 JavaThread "jar transforms Thread 2"           [_thread_blocked, id=13288, stack(0x000000cd94e00000,0x000000cd94f00000) (1024K)]
  0x0000020bad119990 JavaThread "jar transforms Thread 3"           [_thread_blocked, id=39488, stack(0x000000cd94f00000,0x000000cd95000000) (1024K)]
  0x0000020bab1e1fa0 JavaThread "jar transforms Thread 4"           [_thread_blocked, id=504, stack(0x000000cd97c00000,0x000000cd97d00000) (1024K)]
  0x0000020bab1e2630 JavaThread "jar transforms Thread 5"           [_thread_blocked, id=24708, stack(0x000000cd97d00000,0x000000cd97e00000) (1024K)]
  0x0000020bab1e6140 JavaThread "Memory manager"                    [_thread_blocked, id=17436, stack(0x000000cd97f00000,0x000000cd98000000) (1024K)]
  0x0000020bab569f20 JavaThread "jar transforms Thread 6"           [_thread_blocked, id=2600, stack(0x000000cd92800000,0x000000cd92900000) (1024K)]
  0x0000020baf4aa810 JavaThread "VFS cleanup"                       [_thread_blocked, id=36328, stack(0x000000cd92900000,0x000000cd92a00000) (1024K)]
  0x0000020baf4a8dd0 JavaThread "Handler for socket connection from /127.0.0.1:55044 to /127.0.0.1:55143"        [_thread_in_native, id=36520, stack(0x000000cd92300000,0x000000cd92400000) (1024K)]
  0x0000020baf4abbc0 JavaThread "Daemon Thread 2"                   [_thread_blocked, id=19116, stack(0x000000cd92400000,0x000000cd92500000) (1024K)]
  0x0000020baf4aa180 JavaThread "Cancel handler"                    [_thread_blocked, id=38336, stack(0x000000cd93500000,0x000000cd93600000) (1024K)]
  0x0000020baf4a9460 JavaThread "Asynchronous log dispatcher for DefaultDaemonConnection: socket connection from /127.0.0.1:55044 to /127.0.0.1:55143"        [_thread_blocked, id=32324, stack(0x000000cd93600000,0x000000cd93700000) (1024K)]
  0x0000020baf4a9af0 JavaThread "Stdin handler"                     [_thread_blocked, id=30652, stack(0x000000cd93800000,0x000000cd93900000) (1024K)]
  0x0000020baf4a5950 JavaThread "Daemon client event forwarder"        [_thread_blocked, id=2792, stack(0x000000cd93900000,0x000000cd93a00000) (1024K)]
  0x0000020baf4ab530 JavaThread "Cache worker for file hash cache (D:\GitHub\Distribution-APP\.gradle\8.10.2\fileHashes)"        [_thread_blocked, id=7372, stack(0x000000cd93a00000,0x000000cd93b00000) (1024K)]
  0x0000020baf4acf70 JavaThread "Cache worker for Build Output Cleanup Cache (D:\GitHub\Distribution-APP\.gradle\buildOutputCleanup)"        [_thread_blocked, id=36732, stack(0x000000cd94500000,0x000000cd94600000) (1024K)]
  0x0000020baf4a6670 JavaThread "Cache worker for checksums cache (D:\GitHub\Distribution-APP\.gradle\8.10.2\checksums)"        [_thread_blocked, id=39564, stack(0x000000cd94600000,0x000000cd94700000) (1024K)]
  0x0000020baf4a6d00 JavaThread "Cache worker for cache directory md-rule (C:\Users\User\.gradle\caches\8.10.2\md-rule)"        [_thread_blocked, id=34084, stack(0x000000cd94900000,0x000000cd94a00000) (1024K)]
  0x0000020baf4a7390 JavaThread "Cache worker for cache directory md-supplier (C:\Users\User\.gradle\caches\8.10.2\md-supplier)"        [_thread_blocked, id=33828, stack(0x000000cd94b00000,0x000000cd94c00000) (1024K)]
  0x0000020baf4a80b0 JavaThread "Unconstrained build operations"        [_thread_blocked, id=32356, stack(0x000000cd95300000,0x000000cd95400000) (1024K)]
  0x0000020baf4a8740 JavaThread "Unconstrained build operations Thread 2"        [_thread_blocked, id=34112, stack(0x000000cd95400000,0x000000cd95500000) (1024K)]
  0x0000020bab569200 JavaThread "Unconstrained build operations Thread 3"        [_thread_blocked, id=31572, stack(0x000000cd95500000,0x000000cd95600000) (1024K)]
  0x0000020bab5649d0 JavaThread "Unconstrained build operations Thread 4"        [_thread_blocked, id=33940, stack(0x000000cd95600000,0x000000cd95700000) (1024K)]
  0x0000020bab564340 JavaThread "Unconstrained build operations Thread 5"        [_thread_blocked, id=36948, stack(0x000000cd95700000,0x000000cd95800000) (1024K)]
  0x0000020bab566aa0 JavaThread "Unconstrained build operations Thread 6"        [_thread_blocked, id=27120, stack(0x000000cd95800000,0x000000cd95900000) (1024K)]
  0x0000020bab568b70 JavaThread "Unconstrained build operations Thread 7"        [_thread_blocked, id=30432, stack(0x000000cd95900000,0x000000cd95a00000) (1024K)]
  0x0000020bab5677c0 JavaThread "Unconstrained build operations Thread 8"        [_thread_blocked, id=3464, stack(0x000000cd95a00000,0x000000cd95b00000) (1024K)]
  0x0000020bab567e50 JavaThread "Unconstrained build operations Thread 9"        [_thread_blocked, id=35376, stack(0x000000cd95b00000,0x000000cd95c00000) (1024K)]
  0x0000020bab5684e0 JavaThread "Unconstrained build operations Thread 10"        [_thread_blocked, id=36212, stack(0x000000cd95c00000,0x000000cd95d00000) (1024K)]
  0x0000020bab569890 JavaThread "Unconstrained build operations Thread 11"        [_thread_blocked, id=17356, stack(0x000000cd95d00000,0x000000cd95e00000) (1024K)]
  0x0000020bab562f90 JavaThread "Unconstrained build operations Thread 12"        [_thread_blocked, id=11572, stack(0x000000cd95e00000,0x000000cd95f00000) (1024K)]
  0x0000020bab56a5b0 JavaThread "Unconstrained build operations Thread 13"        [_thread_blocked, id=6444, stack(0x000000cd95f00000,0x000000cd96000000) (1024K)]
  0x0000020bab563620 JavaThread "Unconstrained build operations Thread 14"        [_thread_blocked, id=32524, stack(0x000000cd96000000,0x000000cd96100000) (1024K)]
  0x0000020bab563cb0 JavaThread "Unconstrained build operations Thread 15"        [_thread_blocked, id=21476, stack(0x000000cd96100000,0x000000cd96200000) (1024K)]
  0x0000020bab5656f0 JavaThread "Unconstrained build operations Thread 16"        [_thread_blocked, id=32472, stack(0x000000cd96200000,0x000000cd96300000) (1024K)]
  0x0000020bab1e4700 JavaThread "Unconstrained build operations Thread 17"        [_thread_blocked, id=10716, stack(0x000000cd96300000,0x000000cd96400000) (1024K)]
  0x0000020bab1e5420 JavaThread "Unconstrained build operations Thread 18"        [_thread_blocked, id=33812, stack(0x000000cd96400000,0x000000cd96500000) (1024K)]
  0x0000020bab1e67d0 JavaThread "Unconstrained build operations Thread 19"        [_thread_blocked, id=20504, stack(0x000000cd96500000,0x000000cd96600000) (1024K)]
  0x0000020bab1e39e0 JavaThread "Unconstrained build operations Thread 20"        [_thread_blocked, id=3196, stack(0x000000cd96600000,0x000000cd96700000) (1024K)]
  0x0000020bab1e6e60 JavaThread "Unconstrained build operations Thread 21"        [_thread_blocked, id=33616, stack(0x000000cd96700000,0x000000cd96800000) (1024K)]
  0x0000020bab1e0560 JavaThread "Unconstrained build operations Thread 22"        [_thread_blocked, id=27476, stack(0x000000cd96800000,0x000000cd96900000) (1024K)]
  0x0000020bab1e7b80 JavaThread "Unconstrained build operations Thread 23"        [_thread_blocked, id=37624, stack(0x000000cd96900000,0x000000cd96a00000) (1024K)]
  0x0000020bab1e0bf0 JavaThread "Unconstrained build operations Thread 24"        [_thread_blocked, id=10380, stack(0x000000cd96a00000,0x000000cd96b00000) (1024K)]
  0x0000020bab1e1280 JavaThread "Unconstrained build operations Thread 25"        [_thread_blocked, id=21864, stack(0x000000cd96b00000,0x000000cd96c00000) (1024K)]
  0x0000020baa24e000 JavaThread "Unconstrained build operations Thread 26"        [_thread_blocked, id=18056, stack(0x000000cd96c00000,0x000000cd96d00000) (1024K)]
  0x0000020baa2521a0 JavaThread "Unconstrained build operations Thread 27"        [_thread_blocked, id=26276, stack(0x000000cd96d00000,0x000000cd96e00000) (1024K)]
  0x0000020baa24ed20 JavaThread "Unconstrained build operations Thread 28"        [_thread_blocked, id=33796, stack(0x000000cd96e00000,0x000000cd96f00000) (1024K)]
  0x0000020baa24f3b0 JavaThread "Unconstrained build operations Thread 29"        [_thread_blocked, id=38100, stack(0x000000cd96f00000,0x000000cd97000000) (1024K)]
  0x0000020baa2500d0 JavaThread "Unconstrained build operations Thread 30"        [_thread_blocked, id=13336, stack(0x000000cd97000000,0x000000cd97100000) (1024K)]
  0x0000020baa24c5c0 JavaThread "build event listener"              [_thread_blocked, id=36924, stack(0x000000cd97100000,0x000000cd97200000) (1024K)]
  0x0000020bad11ba60 JavaThread "File lock release action executor"        [_thread_blocked, id=8908, stack(0x000000cd97200000,0x000000cd97300000) (1024K)]
  0x0000020bad11b3d0 JavaThread "included builds"                   [_thread_blocked, id=4588, stack(0x000000cd97300000,0x000000cd97400000) (1024K)]
  0x0000020bad11a6b0 JavaThread "Execution worker"                  [_thread_blocked, id=26404, stack(0x000000cd97400000,0x000000cd97500000) (1024K)]
  0x0000020bad1185e0 JavaThread "Execution worker Thread 2"         [_thread_blocked, id=7616, stack(0x000000cd97500000,0x000000cd97600000) (1024K)]
  0x0000020baa252ec0 JavaThread "Execution worker Thread 3"         [_thread_blocked, id=29612, stack(0x000000cd97600000,0x000000cd97700000) (1024K)]
  0x0000020baa24bf30 JavaThread "Execution worker Thread 4"         [_thread_blocked, id=39220, stack(0x000000cd97700000,0x000000cd97800000) (1024K)]
  0x0000020baa253550 JavaThread "Execution worker Thread 5"         [_thread_blocked, id=12992, stack(0x000000cd97800000,0x000000cd97900000) (1024K)]
  0x0000020ba80f0ea0 JavaThread "Execution worker Thread 6"         [_thread_blocked, id=36220, stack(0x000000cd97900000,0x000000cd97a00000) (1024K)]
  0x0000020ba80f1bc0 JavaThread "Execution worker Thread 7"         [_thread_blocked, id=31356, stack(0x000000cd97a00000,0x000000cd97b00000) (1024K)]
  0x0000020bafad1460 JavaThread "Execution worker Thread 8"         [_thread_blocked, id=36556, stack(0x000000cd97b00000,0x000000cd97c00000) (1024K)]
  0x0000020bafacfa20 JavaThread "Execution worker Thread 9"         [_thread_blocked, id=26876, stack(0x000000cd97e00000,0x000000cd97f00000) (1024K)]
  0x0000020bafad1af0 JavaThread "Execution worker Thread 10"        [_thread_blocked, id=36576, stack(0x000000cd98000000,0x000000cd98100000) (1024K)]
  0x0000020bafad00b0 JavaThread "Execution worker Thread 11"        [_thread_blocked, id=30480, stack(0x000000cd98100000,0x000000cd98200000) (1024K)]
  0x0000020bafacbf10 JavaThread "Execution worker Thread 12"        [_thread_blocked, id=100, stack(0x000000cd98200000,0x000000cd98300000) (1024K)]
  0x0000020baface670 JavaThread "Execution worker Thread 13"        [_thread_blocked, id=10040, stack(0x000000cd98300000,0x000000cd98400000) (1024K)]
  0x0000020bafacab60 JavaThread "Execution worker Thread 14"        [_thread_blocked, id=39740, stack(0x000000cd98400000,0x000000cd98500000) (1024K)]
  0x0000020bafad0740 JavaThread "Execution worker Thread 15"        [_thread_blocked, id=29808, stack(0x000000cd98500000,0x000000cd98600000) (1024K)]
  0x0000020bafacd2c0 JavaThread "Cache worker for execution history cache (D:\GitHub\Distribution-APP\.gradle\8.10.2\executionHistory)"        [_thread_blocked, id=6784, stack(0x000000cd98600000,0x000000cd98700000) (1024K)]
  0x0000020bafad0dd0 JavaThread "Unconstrained build operations Thread 31"        [_thread_blocked, id=29640, stack(0x000000cd98700000,0x000000cd98800000) (1024K)]
  0x0000020bafad2180 JavaThread "Unconstrained build operations Thread 32"        [_thread_blocked, id=19780, stack(0x000000cd98800000,0x000000cd98900000) (1024K)]
  0x0000020bafacb1f0 JavaThread "Unconstrained build operations Thread 33"        [_thread_blocked, id=39696, stack(0x000000cd95200000,0x000000cd95300000) (1024K)]
  0x0000020bafacb880 JavaThread "Unconstrained build operations Thread 34"        [_thread_blocked, id=33148, stack(0x000000cd98900000,0x000000cd98a00000) (1024K)]
  0x0000020bafacc5a0 JavaThread "Unconstrained build operations Thread 35"        [_thread_blocked, id=18648, stack(0x000000cd98a00000,0x000000cd98b00000) (1024K)]
  0x0000020bafaccc30 JavaThread "Unconstrained build operations Thread 36"        [_thread_blocked, id=24764, stack(0x000000cd98b00000,0x000000cd98c00000) (1024K)]
  0x0000020bafacd950 JavaThread "Unconstrained build operations Thread 37"        [_thread_blocked, id=26532, stack(0x000000cd98c00000,0x000000cd98d00000) (1024K)]
  0x0000020bafaced00 JavaThread "Unconstrained build operations Thread 38"        [_thread_blocked, id=34992, stack(0x000000cd98d00000,0x000000cd98e00000) (1024K)]
  0x0000020bafacdfe0 JavaThread "Unconstrained build operations Thread 39"        [_thread_blocked, id=18352, stack(0x000000cd98e00000,0x000000cd98f00000) (1024K)]
  0x0000020bafacf390 JavaThread "Unconstrained build operations Thread 40"        [_thread_blocked, id=38596, stack(0x000000cd98f00000,0x000000cd99000000) (1024K)]
  0x0000020bade02100 JavaThread "Unconstrained build operations Thread 41"        [_thread_blocked, id=39148, stack(0x000000cd99100000,0x000000cd99200000) (1024K)]
  0x0000020baddfd240 JavaThread "Unconstrained build operations Thread 42"        [_thread_blocked, id=7928, stack(0x000000cd99200000,0x000000cd99300000) (1024K)]
  0x0000020baddfc520 JavaThread "Unconstrained build operations Thread 43"        [_thread_blocked, id=20684, stack(0x000000cd99300000,0x000000cd99400000) (1024K)]
  0x0000020bade006c0 JavaThread "Unconstrained build operations Thread 44"        [_thread_blocked, id=16284, stack(0x000000cd99400000,0x000000cd99500000) (1024K)]
  0x0000020baddfd8d0 JavaThread "Unconstrained build operations Thread 45"        [_thread_blocked, id=11108, stack(0x000000cd99500000,0x000000cd99600000) (1024K)]
  0x0000020baddfdf60 JavaThread "Unconstrained build operations Thread 46"        [_thread_blocked, id=21156, stack(0x000000cd99600000,0x000000cd99700000) (1024K)]
  0x0000020bade03b40 JavaThread "Unconstrained build operations Thread 47"        [_thread_blocked, id=27572, stack(0x000000cd99700000,0x000000cd99800000) (1024K)]
  0x0000020baddfe5f0 JavaThread "Unconstrained build operations Thread 48"        [_thread_blocked, id=26088, stack(0x000000cd99800000,0x000000cd99900000) (1024K)]
  0x0000020bade02790 JavaThread "Unconstrained build operations Thread 49"        [_thread_blocked, id=27556, stack(0x000000cd99900000,0x000000cd99a00000) (1024K)]
  0x0000020bade02e20 JavaThread "Unconstrained build operations Thread 50"        [_thread_blocked, id=28484, stack(0x000000cd99a00000,0x000000cd99b00000) (1024K)]
  0x0000020baddff310 JavaThread "Unconstrained build operations Thread 51"        [_thread_blocked, id=7244, stack(0x000000cd99b00000,0x000000cd99c00000) (1024K)]
  0x0000020baddff9a0 JavaThread "Unconstrained build operations Thread 52"        [_thread_blocked, id=38744, stack(0x000000cd99c00000,0x000000cd99d00000) (1024K)]
  0x0000020bade034b0 JavaThread "Unconstrained build operations Thread 53"        [_thread_blocked, id=21280, stack(0x000000cd99d00000,0x000000cd99e00000) (1024K)]
  0x0000020bade00030 JavaThread "Unconstrained build operations Thread 54"        [_thread_blocked, id=25876, stack(0x000000cd99e00000,0x000000cd99f00000) (1024K)]
  0x0000020baddfcbb0 JavaThread "Unconstrained build operations Thread 55"        [_thread_blocked, id=38956, stack(0x000000cd99f00000,0x000000cd9a000000) (1024K)]
  0x0000020babb0b910 JavaThread "Unconstrained build operations Thread 56"        [_thread_blocked, id=38196, stack(0x000000cd95100000,0x000000cd95200000) (1024K)]
  0x0000020babb091b0 JavaThread "Unconstrained build operations Thread 57"        [_thread_blocked, id=6064, stack(0x000000cd99000000,0x000000cd99100000) (1024K)]
  0x0000020babb0abf0 JavaThread "Unconstrained build operations Thread 58"        [_thread_blocked, id=34144, stack(0x000000cd9a000000,0x000000cd9a100000) (1024K)]
  0x0000020babb09ed0 JavaThread "Unconstrained build operations Thread 59"        [_thread_blocked, id=25200, stack(0x000000cd9a100000,0x000000cd9a200000) (1024K)]
  0x0000020babb07e00 JavaThread "Unconstrained build operations Thread 60"        [_thread_blocked, id=10532, stack(0x000000cd9a200000,0x000000cd9a300000) (1024K)]
  0x0000020babb09840 JavaThread "Unconstrained build operations Thread 61"        [_thread_blocked, id=9596, stack(0x000000cd9a300000,0x000000cd9a400000) (1024K)]
  0x0000020babb070e0 JavaThread "Unconstrained build operations Thread 62"        [_thread_blocked, id=24524, stack(0x000000cd9a400000,0x000000cd9a500000) (1024K)]
  0x0000020babb07770 JavaThread "Unconstrained build operations Thread 63"        [_thread_blocked, id=10300, stack(0x000000cd9a500000,0x000000cd9a600000) (1024K)]
  0x0000020babb0b280 JavaThread "Unconstrained build operations Thread 64"        [_thread_blocked, id=32516, stack(0x000000cd9a600000,0x000000cd9a700000) (1024K)]
  0x0000020babb0bfa0 JavaThread "Unconstrained build operations Thread 65"        [_thread_blocked, id=23028, stack(0x000000cd9a700000,0x000000cd9a800000) (1024K)]
  0x0000020babb08490 JavaThread "Unconstrained build operations Thread 66"        [_thread_blocked, id=26496, stack(0x000000cd9a800000,0x000000cd9a900000) (1024K)]
  0x0000020babb0c630 JavaThread "Unconstrained build operations Thread 67"        [_thread_blocked, id=22344, stack(0x000000cd9a900000,0x000000cd9aa00000) (1024K)]
  0x0000020babb0e700 JavaThread "Unconstrained build operations Thread 68"        [_thread_blocked, id=24324, stack(0x000000cd9aa00000,0x000000cd9ab00000) (1024K)]
  0x0000020babb107d0 JavaThread "Unconstrained build operations Thread 69"        [_thread_blocked, id=30112, stack(0x000000cd9ab00000,0x000000cd9ac00000) (1024K)]
  0x0000020babb0d9e0 JavaThread "Unconstrained build operations Thread 70"        [_thread_blocked, id=1732, stack(0x000000cd9ac00000,0x000000cd9ad00000) (1024K)]
  0x0000020baab605f0 JavaThread "C1 CompilerThread1"         daemon [_thread_blocked, id=25640, stack(0x000000cd94c00000,0x000000cd94d00000) (1024K)]
  0x0000020bacb50390 JavaThread "WorkerExecutor Queue"              [_thread_blocked, id=34360, stack(0x000000cd9b000000,0x000000cd9b100000) (1024K)]
  0x0000020bacb51dd0 JavaThread "WorkerExecutor Queue Thread 2"        [_thread_blocked, id=34784, stack(0x000000cd9b100000,0x000000cd9b200000) (1024K)]
  0x0000020bacb52460 JavaThread "WorkerExecutor Queue Thread 3"        [_thread_blocked, id=29540, stack(0x000000cd9b200000,0x000000cd9b300000) (1024K)]
  0x0000020bacb4e2c0 JavaThread "WorkerExecutor Queue Thread 4"        [_thread_blocked, id=37436, stack(0x000000cd9b300000,0x000000cd9b400000) (1024K)]
  0x0000020bacb510b0 JavaThread "WorkerExecutor Queue Thread 5"        [_thread_blocked, id=2524, stack(0x000000cd9b400000,0x000000cd9b500000) (1024K)]
  0x0000020bacb53810 JavaThread "WorkerExecutor Queue Thread 6"        [_thread_blocked, id=5588, stack(0x000000cd9b500000,0x000000cd9b600000) (1024K)]
  0x0000020bacb53180 JavaThread "WorkerExecutor Queue Thread 7"        [_thread_blocked, id=32944, stack(0x000000cd9b600000,0x000000cd9b700000) (1024K)]
  0x0000020bacb51740 JavaThread "WorkerExecutor Queue Thread 8"        [_thread_blocked, id=17404, stack(0x000000cd9b700000,0x000000cd9b800000) (1024K)]
  0x0000020bacb53ea0 JavaThread "WorkerExecutor Queue Thread 9"        [_thread_blocked, id=19668, stack(0x000000cd9b800000,0x000000cd9b900000) (1024K)]
  0x0000020bacb54bc0 JavaThread "WorkerExecutor Queue Thread 10"        [_thread_blocked, id=19092, stack(0x000000cd9b900000,0x000000cd9ba00000) (1024K)]
  0x0000020bacb4fd00 JavaThread "WorkerExecutor Queue Thread 11"        [_thread_blocked, id=38928, stack(0x000000cd9ba00000,0x000000cd9bb00000) (1024K)]
  0x0000020bacb4e950 JavaThread "WorkerExecutor Queue Thread 12"        [_thread_blocked, id=25032, stack(0x000000cd9bb00000,0x000000cd9bc00000) (1024K)]
  0x0000020bacb57320 JavaThread "WorkerExecutor Queue Thread 13"        [_thread_blocked, id=37108, stack(0x000000cd9bc00000,0x000000cd9bd00000) (1024K)]
  0x0000020bacb59a80 JavaThread "WorkerExecutor Queue Thread 14"        [_thread_blocked, id=24408, stack(0x000000cd9bd00000,0x000000cd9be00000) (1024K)]
  0x0000020bacb54530 JavaThread "WorkerExecutor Queue Thread 15"        [_thread_blocked, id=28500, stack(0x000000cd9be00000,0x000000cd9bf00000) (1024K)]
  0x0000020bacb558e0 JavaThread "WorkerExecutor Queue Thread 16"        [_thread_blocked, id=7668, stack(0x000000cd9bf00000,0x000000cd9c000000) (1024K)]
  0x0000020baba53060 JavaThread "Unconstrained build operations Thread 71"        [_thread_blocked, id=33808, stack(0x000000cd9c000000,0x000000cd9c100000) (1024K)]
  0x0000020baba57200 JavaThread "Unconstrained build operations Thread 72"        [_thread_blocked, id=5928, stack(0x000000cd9c100000,0x000000cd9c200000) (1024K)]
  0x0000020baba536f0 JavaThread "Unconstrained build operations Thread 73"        [_thread_blocked, id=11100, stack(0x000000cd9c200000,0x000000cd9c300000) (1024K)]
  0x0000020baba53d80 JavaThread "Unconstrained build operations Thread 74"        [_thread_blocked, id=27656, stack(0x000000cd9c300000,0x000000cd9c400000) (1024K)]
  0x0000020baba57890 JavaThread "Unconstrained build operations Thread 75"        [_thread_blocked, id=14600, stack(0x000000cd9c400000,0x000000cd9c500000) (1024K)]
  0x0000020baba54410 JavaThread "Unconstrained build operations Thread 76"        [_thread_blocked, id=35328, stack(0x000000cd9c500000,0x000000cd9c600000) (1024K)]
  0x0000020baba50900 JavaThread "Unconstrained build operations Thread 77"        [_thread_blocked, id=30640, stack(0x000000cd9c600000,0x000000cd9c700000) (1024K)]
  0x0000020baba55130 JavaThread "Unconstrained build operations Thread 78"        [_thread_blocked, id=28772, stack(0x000000cd9c700000,0x000000cd9c800000) (1024K)]
  0x0000020baba564e0 JavaThread "Unconstrained build operations Thread 79"        [_thread_blocked, id=13436, stack(0x000000cd9c800000,0x000000cd9c900000) (1024K)]
  0x0000020baba557c0 JavaThread "Unconstrained build operations Thread 80"        [_thread_blocked, id=13720, stack(0x000000cd9c900000,0x000000cd9ca00000) (1024K)]
  0x0000020baba56b70 JavaThread "Unconstrained build operations Thread 81"        [_thread_blocked, id=19664, stack(0x000000cd9ca00000,0x000000cd9cb00000) (1024K)]
  0x0000020baba57f20 JavaThread "Unconstrained build operations Thread 82"        [_thread_blocked, id=33320, stack(0x000000cd9cb00000,0x000000cd9cc00000) (1024K)]
  0x0000020baba50f90 JavaThread "Unconstrained build operations Thread 83"        [_thread_blocked, id=34396, stack(0x000000cd9cc00000,0x000000cd9cd00000) (1024K)]
  0x0000020baba5fbd0 JavaThread "Unconstrained build operations Thread 84"        [_thread_blocked, id=32984, stack(0x000000cd9cd00000,0x000000cd9ce00000) (1024K)]
  0x0000020baba58c40 JavaThread "Unconstrained build operations Thread 85"        [_thread_blocked, id=29092, stack(0x000000cd9ce00000,0x000000cd9cf00000) (1024K)]
  0x0000020baba5f540 JavaThread "Unconstrained build operations Thread 86"        [_thread_blocked, id=20928, stack(0x000000cd9cf00000,0x000000cd9d000000) (1024K)]
  0x0000020baba59960 JavaThread "Unconstrained build operations Thread 87"        [_thread_blocked, id=27596, stack(0x000000cd9d000000,0x000000cd9d100000) (1024K)]
  0x0000020baba5c750 JavaThread "Unconstrained build operations Thread 88"        [_thread_blocked, id=39716, stack(0x000000cd9d100000,0x000000cd9d200000) (1024K)]
  0x0000020baba5b3a0 JavaThread "Unconstrained build operations Thread 89"        [_thread_blocked, id=21700, stack(0x000000cd9d200000,0x000000cd9d300000) (1024K)]
  0x0000020baba59ff0 JavaThread "Unconstrained build operations Thread 90"        [_thread_blocked, id=7996, stack(0x000000cd9d300000,0x000000cd9d400000) (1024K)]
  0x0000020baba5a680 JavaThread "Unconstrained build operations Thread 91"        [_thread_blocked, id=11120, stack(0x000000cd9d400000,0x000000cd9d500000) (1024K)]
  0x0000020baba5ba30 JavaThread "Unconstrained build operations Thread 92"        [_thread_blocked, id=34852, stack(0x000000cd9d500000,0x000000cd9d600000) (1024K)]
  0x0000020baba5c0c0 JavaThread "Unconstrained build operations Thread 93"        [_thread_blocked, id=5016, stack(0x000000cd9d600000,0x000000cd9d700000) (1024K)]
  0x0000020baba5ad10 JavaThread "Unconstrained build operations Thread 94"        [_thread_blocked, id=39920, stack(0x000000cd9d700000,0x000000cd9d800000) (1024K)]
  0x0000020baba592d0 JavaThread "Unconstrained build operations Thread 95"        [_thread_blocked, id=10752, stack(0x000000cd9d800000,0x000000cd9d900000) (1024K)]
  0x0000020baba5cde0 JavaThread "Unconstrained build operations Thread 96"        [_thread_blocked, id=36164, stack(0x000000cd9d900000,0x000000cd9da00000) (1024K)]
  0x0000020baba5d470 JavaThread "Unconstrained build operations Thread 97"        [_thread_blocked, id=23696, stack(0x000000cd9da00000,0x000000cd9db00000) (1024K)]
  0x0000020baba5db00 JavaThread "Unconstrained build operations Thread 98"        [_thread_blocked, id=34452, stack(0x000000cd9db00000,0x000000cd9dc00000) (1024K)]
  0x0000020baba5e190 JavaThread "Unconstrained build operations Thread 99"        [_thread_blocked, id=38236, stack(0x000000cd9dc00000,0x000000cd9dd00000) (1024K)]
  0x0000020baba5e820 JavaThread "Unconstrained build operations Thread 100"        [_thread_blocked, id=35312, stack(0x000000cd9dd00000,0x000000cd9de00000) (1024K)]
  0x0000020baba5eeb0 JavaThread "Unconstrained build operations Thread 101"        [_thread_blocked, id=35592, stack(0x000000cd9de00000,0x000000cd9df00000) (1024K)]
  0x0000020babb0d350 JavaThread "Unconstrained build operations Thread 102"        [_thread_blocked, id=31828, stack(0x000000cd9df00000,0x000000cd9e000000) (1024K)]
  0x0000020babb0ed90 JavaThread "Unconstrained build operations Thread 103"        [_thread_blocked, id=38932, stack(0x000000cd9e000000,0x000000cd9e100000) (1024K)]
  0x0000020baab5f850 JavaThread "C1 CompilerThread2"         daemon [_thread_blocked, id=23564, stack(0x000000cd90f00000,0x000000cd91000000) (1024K)]
  0x0000020bafa738f0 JavaThread "Unconstrained build operations Thread 104"        [_thread_blocked, id=22808, stack(0x000000cd91000000,0x000000cd91100000) (1024K)]
  0x0000020bafa6fde0 JavaThread "Unconstrained build operations Thread 105"        [_thread_blocked, id=19696, stack(0x000000cd9ad00000,0x000000cd9ae00000) (1024K)]
  0x0000020bafa71eb0 JavaThread "Unconstrained build operations Thread 106"        [_thread_blocked, id=12720, stack(0x000000cd9ae00000,0x000000cd9af00000) (1024K)]
  0x0000020bafa71190 JavaThread "Unconstrained build operations Thread 107"        [_thread_blocked, id=35964, stack(0x000000cd9af00000,0x000000cd9b000000) (1024K)]
  0x0000020bafa71820 JavaThread "Unconstrained build operations Thread 108"        [_thread_blocked, id=30056, stack(0x000000cd9e100000,0x000000cd9e200000) (1024K)]
  0x0000020bafa72540 JavaThread "Unconstrained build operations Thread 109"        [_thread_blocked, id=34416, stack(0x000000cd9e200000,0x000000cd9e300000) (1024K)]
  0x0000020bafa74610 JavaThread "Unconstrained build operations Thread 110"        [_thread_blocked, id=19524, stack(0x000000cd9e300000,0x000000cd9e400000) (1024K)]
  0x0000020bafa6e3a0 JavaThread "Unconstrained build operations Thread 111"        [_thread_blocked, id=39120, stack(0x000000cd9e400000,0x000000cd9e500000) (1024K)]
  0x0000020bafa6d680 JavaThread "Unconstrained build operations Thread 112"        [_thread_blocked, id=17496, stack(0x000000cd9e500000,0x000000cd9e600000) (1024K)]
  0x0000020bafa794d0 JavaThread "Unconstrained build operations Thread 113"        [_thread_blocked, id=37180, stack(0x000000cd9e600000,0x000000cd9e700000) (1024K)]
  0x0000020bafa766e0 JavaThread "Unconstrained build operations Thread 114"        [_thread_blocked, id=4944, stack(0x000000cd9e700000,0x000000cd9e800000) (1024K)]
  0x0000020bafa77a90 JavaThread "Unconstrained build operations Thread 115"        [_thread_blocked, id=33068, stack(0x000000cd9e800000,0x000000cd9e900000) (1024K)]
  0x0000020bafa7b5a0 JavaThread "Unconstrained build operations Thread 116"        [_thread_blocked, id=38052, stack(0x000000cd9e900000,0x000000cd9ea00000) (1024K)]
  0x0000020bafa78120 JavaThread "Unconstrained build operations Thread 117"        [_thread_blocked, id=30348, stack(0x000000cd9ea00000,0x000000cd9eb00000) (1024K)]
  0x0000020bafa7a1f0 JavaThread "Unconstrained build operations Thread 118"        [_thread_blocked, id=22996, stack(0x000000cd9eb00000,0x000000cd9ec00000) (1024K)]
  0x0000020bafa7af10 JavaThread "Unconstrained build operations Thread 119"        [_thread_blocked, id=11328, stack(0x000000cd9ec00000,0x000000cd9ed00000) (1024K)]
  0x0000020bafa787b0 JavaThread "Unconstrained build operations Thread 120"        [_thread_blocked, id=12984, stack(0x000000cd9ed00000,0x000000cd9ee00000) (1024K)]
  0x0000020bafa77400 JavaThread "Unconstrained build operations Thread 121"        [_thread_blocked, id=15588, stack(0x000000cd9ee00000,0x000000cd9ef00000) (1024K)]
  0x0000020bafa76050 JavaThread "Unconstrained build operations Thread 122"        [_thread_blocked, id=28768, stack(0x000000cd9ef00000,0x000000cd9f000000) (1024K)]
  0x0000020bafa78e40 JavaThread "Unconstrained build operations Thread 123"        [_thread_blocked, id=35692, stack(0x000000cd9f000000,0x000000cd9f100000) (1024K)]
  0x0000020bafa76d70 JavaThread "Unconstrained build operations Thread 124"        [_thread_blocked, id=16452, stack(0x000000cd9f100000,0x000000cd9f200000) (1024K)]
  0x0000020bafa75330 JavaThread "Unconstrained build operations Thread 125"        [_thread_blocked, id=1868, stack(0x000000cd9f200000,0x000000cd9f300000) (1024K)]
  0x0000020bafa79b60 JavaThread "Unconstrained build operations Thread 126"        [_thread_blocked, id=8860, stack(0x000000cd9f300000,0x000000cd9f400000) (1024K)]
  0x0000020bafa7a880 JavaThread "Unconstrained build operations Thread 127"        [_thread_blocked, id=29372, stack(0x000000cd9f400000,0x000000cd9f500000) (1024K)]
  0x0000020bafa74ca0 JavaThread "Unconstrained build operations Thread 128"        [_thread_blocked, id=22068, stack(0x000000cd9f500000,0x000000cd9f600000) (1024K)]
  0x0000020bafa7bc30 JavaThread "Unconstrained build operations Thread 129"        [_thread_blocked, id=32196, stack(0x000000cd9f600000,0x000000cd9f700000) (1024K)]
  0x0000020bafa759c0 JavaThread "Unconstrained build operations Thread 130"        [_thread_blocked, id=23668, stack(0x000000cd9f700000,0x000000cd9f800000) (1024K)]
  0x0000020bb046b6b0 JavaThread "Unconstrained build operations Thread 131"        [_thread_blocked, id=30576, stack(0x000000cd9f800000,0x000000cd9f900000) (1024K)]
  0x0000020bb046c3d0 JavaThread "Unconstrained build operations Thread 132"        [_thread_blocked, id=32232, stack(0x000000cd9f900000,0x000000cd9fa00000) (1024K)]
  0x0000020bb046ca60 JavaThread "Unconstrained build operations Thread 133"        [_thread_blocked, id=20272, stack(0x000000cd9fa00000,0x000000cd9fb00000) (1024K)]
  0x0000020baa895ac0 JavaThread "C2 CompilerThread1"         daemon [_thread_blocked, id=13780, stack(0x000000cd9fb00000,0x000000cd9fc00000) (1024K)]
  0x0000020bb0471920 JavaThread "Unconstrained build operations Thread 134"        [_thread_blocked, id=31780, stack(0x000000cd9fd00000,0x000000cd9fe00000) (1024K)]
  0x0000020bb046d0f0 JavaThread "Unconstrained build operations Thread 135"        [_thread_blocked, id=36176, stack(0x000000cd9fe00000,0x000000cd9ff00000) (1024K)]
  0x0000020bb0470c00 JavaThread "Unconstrained build operations Thread 136"        [_thread_blocked, id=35924, stack(0x000000cd9ff00000,0x000000cda0000000) (1024K)]
  0x0000020bb046d780 JavaThread "Unconstrained build operations Thread 137"        [_thread_blocked, id=33976, stack(0x000000cda0000000,0x000000cda0100000) (1024K)]
  0x0000020bb046b020 JavaThread "Unconstrained build operations Thread 138"        [_thread_blocked, id=21532, stack(0x000000cda0100000,0x000000cda0200000) (1024K)]
  0x0000020bb046de10 JavaThread "Unconstrained build operations Thread 139"        [_thread_blocked, id=32556, stack(0x000000cda0200000,0x000000cda0300000) (1024K)]
  0x0000020bb046a990 JavaThread "Unconstrained build operations Thread 140"        [_thread_blocked, id=2532, stack(0x000000cda0300000,0x000000cda0400000) (1024K)]
  0x0000020bb0471fb0 JavaThread "Unconstrained build operations Thread 141"        [_thread_blocked, id=30600, stack(0x000000cda0400000,0x000000cda0500000) (1024K)]
  0x0000020bb0471290 JavaThread "Unconstrained build operations Thread 142"        [_thread_blocked, id=12580, stack(0x000000cda0500000,0x000000cda0600000) (1024K)]
  0x0000020bb046eb30 JavaThread "Unconstrained build operations Thread 143"        [_thread_blocked, id=23104, stack(0x000000cda0600000,0x000000cda0700000) (1024K)]
  0x0000020bb046e4a0 JavaThread "Unconstrained build operations Thread 144"        [_thread_blocked, id=37608, stack(0x000000cda0700000,0x000000cda0800000) (1024K)]
  0x0000020bb046fee0 JavaThread "Unconstrained build operations Thread 145"        [_thread_blocked, id=36832, stack(0x000000cda0800000,0x000000cda0900000) (1024K)]
  0x0000020bb046f1c0 JavaThread "Unconstrained build operations Thread 146"        [_thread_blocked, id=36416, stack(0x000000cda0900000,0x000000cda0a00000) (1024K)]
  0x0000020bb046f850 JavaThread "Unconstrained build operations Thread 147"        [_thread_blocked, id=35584, stack(0x000000cda0a00000,0x000000cda0b00000) (1024K)]
  0x0000020bb0472640 JavaThread "Unconstrained build operations Thread 148"        [_thread_blocked, id=38264, stack(0x000000cda0b00000,0x000000cda0c00000) (1024K)]
  0x0000020baab62ed0 JavaThread "C1 CompilerThread3"         daemon [_thread_blocked, id=5096, stack(0x000000cda0c00000,0x000000cda0d00000) (1024K)]
  0x0000020bb0472cd0 JavaThread "Unconstrained build operations Thread 149"        [_thread_blocked, id=36788, stack(0x000000cda0d00000,0x000000cda0e00000) (1024K)]
  0x0000020bb046bd40 JavaThread "Unconstrained build operations Thread 150"        [_thread_blocked, id=39384, stack(0x000000cda1000000,0x000000cda1100000) (1024K)]
  0x0000020bb0475ac0 JavaThread "Unconstrained build operations Thread 151"        [_thread_blocked, id=18864, stack(0x000000cda1100000,0x000000cda1200000) (1024K)]
  0x0000020bb0474da0 JavaThread "Unconstrained build operations Thread 152"        [_thread_blocked, id=30164, stack(0x000000cda1200000,0x000000cda1300000) (1024K)]
  0x0000020bb04739f0 JavaThread "Unconstrained build operations Thread 153"        [_thread_blocked, id=1688, stack(0x000000cda1300000,0x000000cda1400000) (1024K)]
  0x0000020bb0474080 JavaThread "Unconstrained build operations Thread 154"        [_thread_blocked, id=19484, stack(0x000000cda1400000,0x000000cda1500000) (1024K)]
  0x0000020bb0473360 JavaThread "Unconstrained build operations Thread 155"        [_thread_blocked, id=36676, stack(0x000000cda1500000,0x000000cda1600000) (1024K)]
  0x0000020bb0476150 JavaThread "Unconstrained build operations Thread 156"        [_thread_blocked, id=27452, stack(0x000000cda1600000,0x000000cda1700000) (1024K)]
  0x0000020bb0474710 JavaThread "Unconstrained build operations Thread 157"        [_thread_blocked, id=39600, stack(0x000000cda1700000,0x000000cda1800000) (1024K)]
  0x0000020bb04767e0 JavaThread "Unconstrained build operations Thread 158"        [_thread_blocked, id=32452, stack(0x000000cda1800000,0x000000cda1900000) (1024K)]
  0x0000020bb0475430 JavaThread "Unconstrained build operations Thread 159"        [_thread_blocked, id=39708, stack(0x000000cda1900000,0x000000cda1a00000) (1024K)]
  0x0000020bb0476e70 JavaThread "Unconstrained build operations Thread 160"        [_thread_blocked, id=12080, stack(0x000000cda1a00000,0x000000cda1b00000) (1024K)]
Total: 240

Other Threads:
=>0x0000020ba3d6a660 VMThread "VM Thread"                           [id=23984, stack(0x000000cd91900000,0x000000cd91a00000) (1024K)]
  0x0000020ba3cf91b0 WatcherThread "VM Periodic Task Thread"        [id=28024, stack(0x000000cd91800000,0x000000cd91900000) (1024K)]
  0x0000020b89c35810 WorkerThread "GC Thread#0"                     [id=25968, stack(0x000000cd91300000,0x000000cd91400000) (1024K)]
  0x0000020ba89454c0 WorkerThread "GC Thread#1"                     [id=24148, stack(0x000000cd92a00000,0x000000cd92b00000) (1024K)]
  0x0000020ba894e3a0 WorkerThread "GC Thread#2"                     [id=18644, stack(0x000000cd92b00000,0x000000cd92c00000) (1024K)]
  0x0000020ba87c3d70 WorkerThread "GC Thread#3"                     [id=30260, stack(0x000000cd92c00000,0x000000cd92d00000) (1024K)]
  0x0000020ba920f880 WorkerThread "GC Thread#4"                     [id=20380, stack(0x000000cd92d00000,0x000000cd92e00000) (1024K)]
  0x0000020ba9bc9970 WorkerThread "GC Thread#5"                     [id=33692, stack(0x000000cd92e00000,0x000000cd92f00000) (1024K)]
  0x0000020baa04a250 WorkerThread "GC Thread#6"                     [id=31720, stack(0x000000cd92f00000,0x000000cd93000000) (1024K)]
  0x0000020baa04a5f0 WorkerThread "GC Thread#7"                     [id=2436, stack(0x000000cd93000000,0x000000cd93100000) (1024K)]
  0x0000020baa11c600 WorkerThread "GC Thread#8"                     [id=34588, stack(0x000000cd93100000,0x000000cd93200000) (1024K)]
  0x0000020baa11c260 WorkerThread "GC Thread#9"                     [id=36892, stack(0x000000cd93b00000,0x000000cd93c00000) (1024K)]
  0x0000020baa11c9a0 WorkerThread "GC Thread#10"                    [id=11824, stack(0x000000cd93c00000,0x000000cd93d00000) (1024K)]
  0x0000020baa11cd40 WorkerThread "GC Thread#11"                    [id=6800, stack(0x000000cd93d00000,0x000000cd93e00000) (1024K)]
  0x0000020baa11d0e0 WorkerThread "GC Thread#12"                    [id=32460, stack(0x000000cd93e00000,0x000000cd93f00000) (1024K)]
  0x0000020b89c467f0 ConcurrentGCThread "G1 Main Marker"            [id=39788, stack(0x000000cd91400000,0x000000cd91500000) (1024K)]
  0x0000020b89c47460 WorkerThread "G1 Conc#0"                       [id=32700, stack(0x000000cd91500000,0x000000cd91600000) (1024K)]
  0x0000020baa11d480 WorkerThread "G1 Conc#1"                       [id=36160, stack(0x000000cd93f00000,0x000000cd94000000) (1024K)]
  0x0000020baa11bb20 WorkerThread "G1 Conc#2"                       [id=31400, stack(0x000000cd94000000,0x000000cd94100000) (1024K)]
  0x0000020b89c9e6e0 ConcurrentGCThread "G1 Refine#0"               [id=14428, stack(0x000000cd91600000,0x000000cd91700000) (1024K)]
  0x0000020ba3bcc500 ConcurrentGCThread "G1 Service"                [id=34092, stack(0x000000cd91700000,0x000000cd91800000) (1024K)]
Total: 21

Threads with active compile tasks:
C2 CompilerThread0  64241 22792 %     4       com.android.tools.r8.internal.sd::a @ 83 (6886 bytes)
C1 CompilerThread0  64241 23758       3       com.android.tools.r8.internal.qu0::a (28 bytes)
C1 CompilerThread1  64241 23757       3       com.android.tools.r8.internal.E7::a (265 bytes)
C1 CompilerThread2  64241 23759       3       com.android.tools.r8.internal.ou0::a (31 bytes)
C2 CompilerThread1  64242 22676       4       com.android.tools.r8.internal.sd::a (4363 bytes)
C1 CompilerThread3  64242 23748       3       com.android.tools.r8.internal.pu0::a (28 bytes)
Total: 6

VM state: at safepoint (normal execution)

VM Mutex/Monitor currently owned by a thread:  ([mutex/lock_event])
[0x00007ffffe2ad360] Threads_lock - owner thread: 0x0000020ba3d6a660
[0x00007ffffe2ad460] Heap_lock - owner thread: 0x0000020bab5684e0

Heap address: 0x0000000080000000, size: 2048 MB, Compressed Oops mode: 32-bit

CDS archive(s) not mapped
Compressed class space mapped at: 0x0000000100000000-0x0000000140000000, reserved size: 1073741824
Narrow klass base: 0x0000000000000000, Narrow klass shift: 3, Narrow klass range: 0x140000000

GC Precious Log:
 CardTable entry size: 512
 Card Set container configuration: InlinePtr #cards 5 size 8 Array Of Cards #cards 12 size 40 Howl #buckets 4 coarsen threshold 1843 Howl Bitmap #cards 512 size 80 coarsen threshold 460 Card regions per heap region 1 cards per card region 2048
 CPUs: 16 total, 16 available
 Memory: 7955M
 Large Page Support: Disabled
 NUMA Support: Disabled
 Compressed Oops: Enabled (32-bit)
 Heap Region Size: 1M
 Heap Min Capacity: 8M
 Heap Initial Capacity: 126M
 Heap Max Capacity: 2G
 Pre-touch: Disabled
 Parallel Workers: 13
 Concurrent Workers: 3
 Concurrent Refinement Workers: 13
 Periodic GC: Disabled

Heap:
 garbage-first heap   total 275456K, used 162131K [0x0000000080000000, 0x0000000100000000)
  region size 1024K, 10 young (10240K), 10 survivors (10240K)
 Metaspace       used 144181K, committed 146432K, reserved 1179648K
  class space    used 19210K, committed 20352K, reserved 1048576K

Heap Regions: E=young(eden), S=young(survivor), O=old, HS=humongous(starts), HC=humongous(continues), CS=collection set, F=free, TAMS=top-at-mark-start, PB=parsable bottom
|   0|0x0000000080000000, 0x0000000080100000, 0x0000000080100000|100%| O|  |TAMS 0x0000000080100000| PB 0x0000000080000000| Untracked 
|   1|0x0000000080100000, 0x0000000080200000, 0x0000000080200000|100%|HS|  |TAMS 0x0000000080200000| PB 0x0000000080100000| Complete 
|   2|0x0000000080200000, 0x0000000080300000, 0x0000000080300000|100%|HC|  |TAMS 0x0000000080300000| PB 0x0000000080200000| Complete 
|   3|0x0000000080300000, 0x0000000080400000, 0x0000000080400000|100%|HC|  |TAMS 0x0000000080400000| PB 0x0000000080300000| Complete 
|   4|0x0000000080400000, 0x0000000080500000, 0x0000000080500000|100%|HC|  |TAMS 0x0000000080500000| PB 0x0000000080400000| Complete 
|   5|0x0000000080500000, 0x0000000080600000, 0x0000000080600000|100%| O|  |TAMS 0x0000000080600000| PB 0x0000000080500000| Untracked 
|   6|0x0000000080600000, 0x0000000080700000, 0x0000000080700000|100%| O|  |TAMS 0x0000000080700000| PB 0x0000000080600000| Untracked 
|   7|0x0000000080700000, 0x0000000080800000, 0x0000000080800000|100%| O|  |TAMS 0x0000000080800000| PB 0x0000000080700000| Untracked 
|   8|0x0000000080800000, 0x0000000080900000, 0x0000000080900000|100%|HS|  |TAMS 0x0000000080900000| PB 0x0000000080800000| Complete 
|   9|0x0000000080900000, 0x0000000080a00000, 0x0000000080a00000|100%| O|  |TAMS 0x0000000080a00000| PB 0x0000000080900000| Untracked 
|  10|0x0000000080a00000, 0x0000000080b00000, 0x0000000080b00000|100%| O|  |TAMS 0x0000000080b00000| PB 0x0000000080a00000| Untracked 
|  11|0x0000000080b00000, 0x0000000080c00000, 0x0000000080c00000|100%| O|  |TAMS 0x0000000080c00000| PB 0x0000000080b00000| Untracked 
|  12|0x0000000080c00000, 0x0000000080d00000, 0x0000000080d00000|100%| O|  |TAMS 0x0000000080d00000| PB 0x0000000080c00000| Untracked 
|  13|0x0000000080d00000, 0x0000000080e00000, 0x0000000080e00000|100%| O|  |TAMS 0x0000000080e00000| PB 0x0000000080d00000| Untracked 
|  14|0x0000000080e00000, 0x0000000080f00000, 0x0000000080f00000|100%| O|  |TAMS 0x0000000080f00000| PB 0x0000000080e00000| Untracked 
|  15|0x0000000080f00000, 0x0000000081000000, 0x0000000081000000|100%| O|  |TAMS 0x0000000081000000| PB 0x0000000080f00000| Untracked 
|  16|0x0000000081000000, 0x0000000081100000, 0x0000000081100000|100%| O|  |TAMS 0x0000000081100000| PB 0x0000000081000000| Untracked 
|  17|0x0000000081100000, 0x0000000081200000, 0x0000000081200000|100%| O|  |TAMS 0x0000000081200000| PB 0x0000000081100000| Untracked 
|  18|0x0000000081200000, 0x0000000081300000, 0x0000000081300000|100%| O|  |TAMS 0x0000000081300000| PB 0x0000000081200000| Untracked 
|  19|0x0000000081300000, 0x0000000081400000, 0x0000000081400000|100%| O|  |TAMS 0x0000000081400000| PB 0x0000000081300000| Untracked 
|  20|0x0000000081400000, 0x0000000081500000, 0x0000000081500000|100%| O|  |TAMS 0x0000000081500000| PB 0x0000000081400000| Untracked 
|  21|0x0000000081500000, 0x0000000081600000, 0x0000000081600000|100%| O|  |TAMS 0x0000000081600000| PB 0x0000000081500000| Untracked 
|  22|0x0000000081600000, 0x0000000081700000, 0x0000000081700000|100%| O|  |TAMS 0x0000000081700000| PB 0x0000000081600000| Untracked 
|  23|0x0000000081700000, 0x0000000081800000, 0x0000000081800000|100%| O|  |TAMS 0x0000000081800000| PB 0x0000000081700000| Untracked 
|  24|0x0000000081800000, 0x0000000081900000, 0x0000000081900000|100%| O|  |TAMS 0x0000000081900000| PB 0x0000000081800000| Untracked 
|  25|0x0000000081900000, 0x0000000081a00000, 0x0000000081a00000|100%| O|  |TAMS 0x0000000081a00000| PB 0x0000000081900000| Untracked 
|  26|0x0000000081a00000, 0x0000000081b00000, 0x0000000081b00000|100%| O|  |TAMS 0x0000000081b00000| PB 0x0000000081a00000| Untracked 
|  27|0x0000000081b00000, 0x0000000081c00000, 0x0000000081c00000|100%| O|  |TAMS 0x0000000081c00000| PB 0x0000000081b00000| Untracked 
|  28|0x0000000081c00000, 0x0000000081d00000, 0x0000000081d00000|100%| O|  |TAMS 0x0000000081d00000| PB 0x0000000081c00000| Untracked 
|  29|0x0000000081d00000, 0x0000000081e00000, 0x0000000081e00000|100%| O|  |TAMS 0x0000000081e00000| PB 0x0000000081d00000| Untracked 
|  30|0x0000000081e00000, 0x0000000081f00000, 0x0000000081f00000|100%| O|  |TAMS 0x0000000081f00000| PB 0x0000000081e00000| Untracked 
|  31|0x0000000081f00000, 0x0000000082000000, 0x0000000082000000|100%| O|  |TAMS 0x0000000082000000| PB 0x0000000081f00000| Untracked 
|  32|0x0000000082000000, 0x0000000082100000, 0x0000000082100000|100%| O|  |TAMS 0x0000000082100000| PB 0x0000000082000000| Untracked 
|  33|0x0000000082100000, 0x0000000082200000, 0x0000000082200000|100%| O|  |TAMS 0x0000000082200000| PB 0x0000000082100000| Untracked 
|  34|0x0000000082200000, 0x0000000082300000, 0x0000000082300000|100%| O|  |TAMS 0x0000000082300000| PB 0x0000000082200000| Untracked 
|  35|0x0000000082300000, 0x0000000082400000, 0x0000000082400000|100%| O|  |TAMS 0x0000000082400000| PB 0x0000000082300000| Untracked 
|  36|0x0000000082400000, 0x0000000082500000, 0x0000000082500000|100%|HS|  |TAMS 0x0000000082500000| PB 0x0000000082400000| Complete 
|  37|0x0000000082500000, 0x0000000082600000, 0x0000000082600000|100%|HS|  |TAMS 0x0000000082600000| PB 0x0000000082500000| Complete 
|  38|0x0000000082600000, 0x0000000082700000, 0x0000000082700000|100%| O|  |TAMS 0x0000000082700000| PB 0x0000000082600000| Untracked 
|  39|0x0000000082700000, 0x0000000082800000, 0x0000000082800000|100%| O|  |TAMS 0x0000000082800000| PB 0x0000000082700000| Untracked 
|  40|0x0000000082800000, 0x0000000082900000, 0x0000000082900000|100%| O|  |TAMS 0x0000000082900000| PB 0x0000000082800000| Untracked 
|  41|0x0000000082900000, 0x0000000082a00000, 0x0000000082a00000|100%| O|  |TAMS 0x0000000082a00000| PB 0x0000000082900000| Untracked 
|  42|0x0000000082a00000, 0x0000000082b00000, 0x0000000082b00000|100%| O|  |TAMS 0x0000000082b00000| PB 0x0000000082a00000| Untracked 
|  43|0x0000000082b00000, 0x0000000082c00000, 0x0000000082c00000|100%| O|  |TAMS 0x0000000082c00000| PB 0x0000000082b00000| Untracked 
|  44|0x0000000082c00000, 0x0000000082d00000, 0x0000000082d00000|100%|HS|  |TAMS 0x0000000082d00000| PB 0x0000000082c00000| Complete 
|  45|0x0000000082d00000, 0x0000000082e00000, 0x0000000082e00000|100%|HS|  |TAMS 0x0000000082e00000| PB 0x0000000082d00000| Complete 
|  46|0x0000000082e00000, 0x0000000082f00000, 0x0000000082f00000|100%|HS|  |TAMS 0x0000000082f00000| PB 0x0000000082e00000| Complete 
|  47|0x0000000082f00000, 0x0000000083000000, 0x0000000083000000|100%|HS|  |TAMS 0x0000000083000000| PB 0x0000000082f00000| Complete 
|  48|0x0000000083000000, 0x0000000083100000, 0x0000000083100000|100%| O|  |TAMS 0x0000000083100000| PB 0x0000000083000000| Untracked 
|  49|0x0000000083100000, 0x0000000083200000, 0x0000000083200000|100%| O|  |TAMS 0x0000000083200000| PB 0x0000000083100000| Untracked 
|  50|0x0000000083200000, 0x0000000083300000, 0x0000000083300000|100%| O|  |TAMS 0x0000000083300000| PB 0x0000000083200000| Untracked 
|  51|0x0000000083300000, 0x0000000083400000, 0x0000000083400000|100%| O|  |TAMS 0x0000000083400000| PB 0x0000000083300000| Untracked 
|  52|0x0000000083400000, 0x0000000083500000, 0x0000000083500000|100%| O|  |TAMS 0x0000000083500000| PB 0x0000000083400000| Untracked 
|  53|0x0000000083500000, 0x0000000083600000, 0x0000000083600000|100%| O|  |TAMS 0x0000000083600000| PB 0x0000000083500000| Untracked 
|  54|0x0000000083600000, 0x0000000083700000, 0x0000000083700000|100%| O|  |TAMS 0x0000000083700000| PB 0x0000000083600000| Untracked 
|  55|0x0000000083700000, 0x0000000083800000, 0x0000000083800000|100%| O|  |TAMS 0x0000000083800000| PB 0x0000000083700000| Untracked 
|  56|0x0000000083800000, 0x0000000083900000, 0x0000000083900000|100%| O|  |TAMS 0x0000000083900000| PB 0x0000000083800000| Untracked 
|  57|0x0000000083900000, 0x0000000083a00000, 0x0000000083a00000|100%| O|  |TAMS 0x0000000083a00000| PB 0x0000000083900000| Untracked 
|  58|0x0000000083a00000, 0x0000000083b00000, 0x0000000083b00000|100%| O|  |TAMS 0x0000000083b00000| PB 0x0000000083a00000| Untracked 
|  59|0x0000000083b00000, 0x0000000083c00000, 0x0000000083c00000|100%| O|  |TAMS 0x0000000083c00000| PB 0x0000000083b00000| Untracked 
|  60|0x0000000083c00000, 0x0000000083d00000, 0x0000000083d00000|100%| O|  |TAMS 0x0000000083d00000| PB 0x0000000083c00000| Untracked 
|  61|0x0000000083d00000, 0x0000000083e00000, 0x0000000083e00000|100%| O|  |TAMS 0x0000000083e00000| PB 0x0000000083d00000| Untracked 
|  62|0x0000000083e00000, 0x0000000083f00000, 0x0000000083f00000|100%| O|  |TAMS 0x0000000083f00000| PB 0x0000000083e00000| Untracked 
|  63|0x0000000083f00000, 0x0000000084000000, 0x0000000084000000|100%| O|  |TAMS 0x0000000084000000| PB 0x0000000083f00000| Untracked 
|  64|0x0000000084000000, 0x0000000084100000, 0x0000000084100000|100%| O|  |TAMS 0x0000000084100000| PB 0x0000000084000000| Untracked 
|  65|0x0000000084100000, 0x0000000084200000, 0x0000000084200000|100%| O|  |TAMS 0x0000000084200000| PB 0x0000000084100000| Untracked 
|  66|0x0000000084200000, 0x0000000084300000, 0x0000000084300000|100%| O|  |TAMS 0x0000000084300000| PB 0x0000000084200000| Untracked 
|  67|0x0000000084300000, 0x0000000084400000, 0x0000000084400000|100%| O|  |TAMS 0x0000000084400000| PB 0x0000000084300000| Untracked 
|  68|0x0000000084400000, 0x0000000084500000, 0x0000000084500000|100%| O|  |TAMS 0x0000000084500000| PB 0x0000000084400000| Untracked 
|  69|0x0000000084500000, 0x0000000084600000, 0x0000000084600000|100%| O|  |TAMS 0x0000000084600000| PB 0x0000000084500000| Untracked 
|  70|0x0000000084600000, 0x0000000084700000, 0x0000000084700000|100%| O|  |TAMS 0x0000000084700000| PB 0x0000000084600000| Untracked 
|  71|0x0000000084700000, 0x0000000084800000, 0x0000000084800000|100%| O|  |TAMS 0x0000000084800000| PB 0x0000000084700000| Untracked 
|  72|0x0000000084800000, 0x0000000084900000, 0x0000000084900000|100%| O|  |TAMS 0x0000000084900000| PB 0x0000000084800000| Untracked 
|  73|0x0000000084900000, 0x0000000084a00000, 0x0000000084a00000|100%| O|  |TAMS 0x0000000084a00000| PB 0x0000000084900000| Untracked 
|  74|0x0000000084a00000, 0x0000000084b00000, 0x0000000084b00000|100%|HS|  |TAMS 0x0000000084b00000| PB 0x0000000084a00000| Complete 
|  75|0x0000000084b00000, 0x0000000084c00000, 0x0000000084c00000|100%| O|  |TAMS 0x0000000084c00000| PB 0x0000000084b00000| Untracked 
|  76|0x0000000084c00000, 0x0000000084d00000, 0x0000000084d00000|100%| O|  |TAMS 0x0000000084d00000| PB 0x0000000084c00000| Untracked 
|  77|0x0000000084d00000, 0x0000000084e00000, 0x0000000084e00000|100%| O|  |TAMS 0x0000000084e00000| PB 0x0000000084d00000| Untracked 
|  78|0x0000000084e00000, 0x0000000084f00000, 0x0000000084f00000|100%| O|  |TAMS 0x0000000084f00000| PB 0x0000000084e00000| Untracked 
|  79|0x0000000084f00000, 0x0000000085000000, 0x0000000085000000|100%| O|  |TAMS 0x0000000085000000| PB 0x0000000084f00000| Untracked 
|  80|0x0000000085000000, 0x0000000085100000, 0x0000000085100000|100%| O|  |TAMS 0x0000000085100000| PB 0x0000000085000000| Untracked 
|  81|0x0000000085100000, 0x0000000085200000, 0x0000000085200000|100%| O|  |TAMS 0x0000000085200000| PB 0x0000000085100000| Untracked 
|  82|0x0000000085200000, 0x0000000085300000, 0x0000000085300000|100%| O|  |TAMS 0x0000000085300000| PB 0x0000000085200000| Untracked 
|  83|0x0000000085300000, 0x0000000085400000, 0x0000000085400000|100%| O|  |TAMS 0x0000000085400000| PB 0x0000000085300000| Untracked 
|  84|0x0000000085400000, 0x0000000085500000, 0x0000000085500000|100%| O|  |TAMS 0x0000000085500000| PB 0x0000000085400000| Untracked 
|  85|0x0000000085500000, 0x0000000085600000, 0x0000000085600000|100%| O|  |TAMS 0x0000000085600000| PB 0x0000000085500000| Untracked 
|  86|0x0000000085600000, 0x0000000085700000, 0x0000000085700000|100%| O|  |TAMS 0x0000000085700000| PB 0x0000000085600000| Untracked 
|  87|0x0000000085700000, 0x0000000085800000, 0x0000000085800000|100%| O|  |TAMS 0x0000000085800000| PB 0x0000000085700000| Untracked 
|  88|0x0000000085800000, 0x0000000085900000, 0x0000000085900000|100%| O|  |TAMS 0x0000000085900000| PB 0x0000000085800000| Untracked 
|  89|0x0000000085900000, 0x0000000085a00000, 0x0000000085a00000|100%| O|  |TAMS 0x0000000085a00000| PB 0x0000000085900000| Untracked 
|  90|0x0000000085a00000, 0x0000000085b00000, 0x0000000085b00000|100%| O|  |TAMS 0x0000000085b00000| PB 0x0000000085a00000| Untracked 
|  91|0x0000000085b00000, 0x0000000085c00000, 0x0000000085c00000|100%| O|  |TAMS 0x0000000085c00000| PB 0x0000000085b00000| Untracked 
|  92|0x0000000085c00000, 0x0000000085d00000, 0x0000000085d00000|100%| O|  |TAMS 0x0000000085d00000| PB 0x0000000085c00000| Untracked 
|  93|0x0000000085d00000, 0x0000000085e00000, 0x0000000085e00000|100%| O|  |TAMS 0x0000000085e00000| PB 0x0000000085d00000| Untracked 
|  94|0x0000000085e00000, 0x0000000085f00000, 0x0000000085f00000|100%| O|  |TAMS 0x0000000085f00000| PB 0x0000000085e00000| Untracked 
|  95|0x0000000085f00000, 0x0000000086000000, 0x0000000086000000|100%| O|  |TAMS 0x0000000086000000| PB 0x0000000085f00000| Untracked 
|  96|0x0000000086000000, 0x0000000086100000, 0x0000000086100000|100%| O|  |TAMS 0x0000000086100000| PB 0x0000000086000000| Untracked 
|  97|0x0000000086100000, 0x0000000086200000, 0x0000000086200000|100%| O|  |TAMS 0x0000000086200000| PB 0x0000000086100000| Untracked 
|  98|0x0000000086200000, 0x0000000086300000, 0x0000000086300000|100%| O|  |TAMS 0x0000000086300000| PB 0x0000000086200000| Untracked 
|  99|0x0000000086300000, 0x0000000086400000, 0x0000000086400000|100%| O|  |TAMS 0x0000000086400000| PB 0x0000000086300000| Untracked 
| 100|0x0000000086400000, 0x0000000086500000, 0x0000000086500000|100%| O|  |TAMS 0x0000000086400000| PB 0x0000000086400000| Untracked 
| 101|0x0000000086500000, 0x0000000086600000, 0x0000000086600000|100%| O|  |TAMS 0x0000000086600000| PB 0x0000000086500000| Untracked 
| 102|0x0000000086600000, 0x0000000086700000, 0x0000000086700000|100%| O|  |TAMS 0x0000000086700000| PB 0x0000000086600000| Untracked 
| 103|0x0000000086700000, 0x0000000086800000, 0x0000000086800000|100%| O|  |TAMS 0x0000000086800000| PB 0x0000000086700000| Untracked 
| 104|0x0000000086800000, 0x0000000086900000, 0x0000000086900000|100%| O|  |TAMS 0x0000000086900000| PB 0x0000000086800000| Untracked 
| 105|0x0000000086900000, 0x0000000086a00000, 0x0000000086a00000|100%| O|  |TAMS 0x0000000086a00000| PB 0x0000000086900000| Untracked 
| 106|0x0000000086a00000, 0x0000000086b00000, 0x0000000086b00000|100%| O|  |TAMS 0x0000000086b00000| PB 0x0000000086a00000| Untracked 
| 107|0x0000000086b00000, 0x0000000086c00000, 0x0000000086c00000|100%| O|  |TAMS 0x0000000086c00000| PB 0x0000000086b00000| Untracked 
| 108|0x0000000086c00000, 0x0000000086d00000, 0x0000000086d00000|100%| O|  |TAMS 0x0000000086d00000| PB 0x0000000086c00000| Untracked 
| 109|0x0000000086d00000, 0x0000000086e00000, 0x0000000086e00000|100%| O|  |TAMS 0x0000000086e00000| PB 0x0000000086d00000| Untracked 
| 110|0x0000000086e00000, 0x0000000086f00000, 0x0000000086f00000|100%| O|  |TAMS 0x0000000086f00000| PB 0x0000000086e00000| Untracked 
| 111|0x0000000086f00000, 0x0000000087000000, 0x0000000087000000|100%| O|  |TAMS 0x0000000086f00000| PB 0x0000000086f00000| Untracked 
| 112|0x0000000087000000, 0x0000000087100000, 0x0000000087100000|100%| O|  |TAMS 0x0000000087000000| PB 0x0000000087000000| Untracked 
| 113|0x0000000087100000, 0x0000000087200000, 0x0000000087200000|100%| O|  |TAMS 0x0000000087100000| PB 0x0000000087100000| Untracked 
| 114|0x0000000087200000, 0x0000000087300000, 0x0000000087300000|100%| O|  |TAMS 0x0000000087200000| PB 0x0000000087200000| Untracked 
| 115|0x0000000087300000, 0x0000000087400000, 0x0000000087400000|100%| O|  |TAMS 0x0000000087300000| PB 0x0000000087300000| Untracked 
| 116|0x0000000087400000, 0x0000000087500000, 0x0000000087500000|100%| O|  |TAMS 0x0000000087400000| PB 0x0000000087400000| Untracked 
| 117|0x0000000087500000, 0x0000000087600000, 0x0000000087600000|100%| O|  |TAMS 0x0000000087500000| PB 0x0000000087500000| Untracked 
| 118|0x0000000087600000, 0x0000000087700000, 0x0000000087700000|100%| O|  |TAMS 0x0000000087700000| PB 0x0000000087600000| Untracked 
| 119|0x0000000087700000, 0x0000000087800000, 0x0000000087800000|100%| O|  |TAMS 0x0000000087800000| PB 0x0000000087700000| Untracked 
| 120|0x0000000087800000, 0x0000000087900000, 0x0000000087900000|100%| O|  |TAMS 0x0000000087900000| PB 0x0000000087800000| Untracked 
| 121|0x0000000087900000, 0x0000000087a00000, 0x0000000087a00000|100%| O|  |TAMS 0x0000000087a00000| PB 0x0000000087900000| Untracked 
| 122|0x0000000087a00000, 0x0000000087b00000, 0x0000000087b00000|100%| O|  |TAMS 0x0000000087b00000| PB 0x0000000087a00000| Untracked 
| 123|0x0000000087b00000, 0x0000000087c00000, 0x0000000087c00000|100%| O|  |TAMS 0x0000000087c00000| PB 0x0000000087b00000| Untracked 
| 124|0x0000000087c00000, 0x0000000087d00000, 0x0000000087d00000|100%| O|  |TAMS 0x0000000087d00000| PB 0x0000000087c00000| Untracked 
| 125|0x0000000087d00000, 0x0000000087e00000, 0x0000000087e00000|100%| O|  |TAMS 0x0000000087e00000| PB 0x0000000087d00000| Untracked 
| 126|0x0000000087e00000, 0x0000000087f00000, 0x0000000087f00000|100%| O|  |TAMS 0x0000000087f00000| PB 0x0000000087e00000| Untracked 
| 127|0x0000000087f00000, 0x0000000088000000, 0x0000000088000000|100%| O|  |TAMS 0x0000000088000000| PB 0x0000000087f00000| Untracked 
| 128|0x0000000088000000, 0x0000000088100000, 0x0000000088100000|100%| O|  |TAMS 0x0000000088100000| PB 0x0000000088000000| Untracked 
| 129|0x0000000088100000, 0x0000000088200000, 0x0000000088200000|100%| O|  |TAMS 0x0000000088100000| PB 0x0000000088100000| Untracked 
| 130|0x0000000088200000, 0x0000000088300000, 0x0000000088300000|100%| O|  |TAMS 0x0000000088300000| PB 0x0000000088200000| Untracked 
| 131|0x0000000088300000, 0x0000000088400000, 0x0000000088400000|100%| O|  |TAMS 0x0000000088400000| PB 0x0000000088300000| Untracked 
| 132|0x0000000088400000, 0x0000000088500000, 0x0000000088500000|100%| O|  |TAMS 0x0000000088500000| PB 0x0000000088400000| Untracked 
| 133|0x0000000088500000, 0x0000000088600000, 0x0000000088600000|100%| O|  |TAMS 0x0000000088600000| PB 0x0000000088500000| Untracked 
| 134|0x0000000088600000, 0x0000000088700000, 0x0000000088700000|100%| O|  |TAMS 0x0000000088600000| PB 0x0000000088600000| Untracked 
| 135|0x0000000088700000, 0x0000000088800000, 0x0000000088800000|100%| O|  |TAMS 0x0000000088800000| PB 0x0000000088700000| Untracked 
| 136|0x0000000088800000, 0x0000000088900000, 0x0000000088900000|100%| O|  |TAMS 0x0000000088900000| PB 0x0000000088800000| Untracked 
| 137|0x0000000088900000, 0x0000000088a00000, 0x0000000088a00000|100%| O|  |TAMS 0x0000000088a00000| PB 0x0000000088900000| Untracked 
| 138|0x0000000088a00000, 0x0000000088b00000, 0x0000000088b00000|100%| O|  |TAMS 0x0000000088b00000| PB 0x0000000088a00000| Untracked 
| 139|0x0000000088b00000, 0x0000000088c00000, 0x0000000088c00000|100%| O|  |TAMS 0x0000000088c00000| PB 0x0000000088b00000| Untracked 
| 140|0x0000000088c00000, 0x0000000088d00000, 0x0000000088d00000|100%| O|  |TAMS 0x0000000088c00000| PB 0x0000000088c00000| Untracked 
| 141|0x0000000088d00000, 0x0000000088d6db80, 0x0000000088e00000| 42%| O|  |TAMS 0x0000000088d00000| PB 0x0000000088d00000| Untracked 
| 142|0x0000000088e00000, 0x0000000088e00000, 0x0000000088f00000|  0%| F|  |TAMS 0x0000000088e00000| PB 0x0000000088e00000| Untracked 
| 143|0x0000000088f00000, 0x0000000088f00000, 0x0000000089000000|  0%| F|  |TAMS 0x0000000088f00000| PB 0x0000000088f00000| Untracked 
| 144|0x0000000089000000, 0x0000000089000000, 0x0000000089100000|  0%| F|  |TAMS 0x0000000089000000| PB 0x0000000089000000| Untracked 
| 145|0x0000000089100000, 0x0000000089100000, 0x0000000089200000|  0%| F|  |TAMS 0x0000000089100000| PB 0x0000000089100000| Untracked 
| 146|0x0000000089200000, 0x0000000089200000, 0x0000000089300000|  0%| F|  |TAMS 0x0000000089200000| PB 0x0000000089200000| Untracked 
| 147|0x0000000089300000, 0x00000000893e7270, 0x0000000089400000| 90%| S|CS|TAMS 0x0000000089300000| PB 0x0000000089300000| Complete 
| 148|0x0000000089400000, 0x0000000089500000, 0x0000000089500000|100%| S|CS|TAMS 0x0000000089400000| PB 0x0000000089400000| Complete 
| 149|0x0000000089500000, 0x0000000089600000, 0x0000000089600000|100%| O|  |TAMS 0x0000000089600000| PB 0x0000000089500000| Untracked 
| 150|0x0000000089600000, 0x0000000089700000, 0x0000000089700000|100%| S|CS|TAMS 0x0000000089600000| PB 0x0000000089600000| Complete 
| 151|0x0000000089700000, 0x0000000089800000, 0x0000000089800000|100%| O|  |TAMS 0x0000000089800000| PB 0x0000000089700000| Untracked 
| 152|0x0000000089800000, 0x0000000089900000, 0x0000000089900000|100%| O|  |TAMS 0x0000000089900000| PB 0x0000000089800000| Untracked 
| 153|0x0000000089900000, 0x0000000089900000, 0x0000000089a00000|  0%| F|  |TAMS 0x0000000089900000| PB 0x0000000089900000| Untracked 
| 154|0x0000000089a00000, 0x0000000089a00000, 0x0000000089b00000|  0%| F|  |TAMS 0x0000000089a00000| PB 0x0000000089a00000| Untracked 
| 155|0x0000000089b00000, 0x0000000089b00000, 0x0000000089c00000|  0%| F|  |TAMS 0x0000000089b00000| PB 0x0000000089b00000| Untracked 
| 156|0x0000000089c00000, 0x0000000089c00000, 0x0000000089d00000|  0%| F|  |TAMS 0x0000000089c00000| PB 0x0000000089c00000| Untracked 
| 157|0x0000000089d00000, 0x0000000089d00000, 0x0000000089e00000|  0%| F|  |TAMS 0x0000000089d00000| PB 0x0000000089d00000| Untracked 
| 158|0x0000000089e00000, 0x0000000089e00000, 0x0000000089f00000|  0%| F|  |TAMS 0x0000000089e00000| PB 0x0000000089e00000| Untracked 
| 159|0x0000000089f00000, 0x0000000089f00000, 0x000000008a000000|  0%| F|  |TAMS 0x0000000089f00000| PB 0x0000000089f00000| Untracked 
| 160|0x000000008a000000, 0x000000008a000000, 0x000000008a100000|  0%| F|  |TAMS 0x000000008a000000| PB 0x000000008a000000| Untracked 
| 161|0x000000008a100000, 0x000000008a100000, 0x000000008a200000|  0%| F|  |TAMS 0x000000008a100000| PB 0x000000008a100000| Untracked 
| 162|0x000000008a200000, 0x000000008a200000, 0x000000008a300000|  0%| F|  |TAMS 0x000000008a200000| PB 0x000000008a200000| Untracked 
| 163|0x000000008a300000, 0x000000008a300000, 0x000000008a400000|  0%| F|  |TAMS 0x000000008a300000| PB 0x000000008a300000| Untracked 
| 164|0x000000008a400000, 0x000000008a400000, 0x000000008a500000|  0%| F|  |TAMS 0x000000008a400000| PB 0x000000008a400000| Untracked 
| 165|0x000000008a500000, 0x000000008a600000, 0x000000008a600000|100%| S|CS|TAMS 0x000000008a500000| PB 0x000000008a500000| Complete 
| 166|0x000000008a600000, 0x000000008a700000, 0x000000008a700000|100%| S|CS|TAMS 0x000000008a600000| PB 0x000000008a600000| Complete 
| 167|0x000000008a700000, 0x000000008a800000, 0x000000008a800000|100%| S|CS|TAMS 0x000000008a700000| PB 0x000000008a700000| Complete 
| 168|0x000000008a800000, 0x000000008a900000, 0x000000008a900000|100%| S|CS|TAMS 0x000000008a800000| PB 0x000000008a800000| Complete 
| 169|0x000000008a900000, 0x000000008aa00000, 0x000000008aa00000|100%| S|CS|TAMS 0x000000008a900000| PB 0x000000008a900000| Complete 
| 170|0x000000008aa00000, 0x000000008ab00000, 0x000000008ab00000|100%| S|CS|TAMS 0x000000008aa00000| PB 0x000000008aa00000| Complete 
| 171|0x000000008ab00000, 0x000000008ac00000, 0x000000008ac00000|100%| S|CS|TAMS 0x000000008ab00000| PB 0x000000008ab00000| Complete 
| 172|0x000000008ac00000, 0x000000008ac00000, 0x000000008ad00000|  0%| F|  |TAMS 0x000000008ac00000| PB 0x000000008ac00000| Untracked 
| 173|0x000000008ad00000, 0x000000008ad00000, 0x000000008ae00000|  0%| F|  |TAMS 0x000000008ad00000| PB 0x000000008ad00000| Untracked 
| 174|0x000000008ae00000, 0x000000008ae00000, 0x000000008af00000|  0%| F|  |TAMS 0x000000008ae00000| PB 0x000000008ae00000| Untracked 
| 175|0x000000008af00000, 0x000000008af00000, 0x000000008b000000|  0%| F|  |TAMS 0x000000008af00000| PB 0x000000008af00000| Untracked 
| 176|0x000000008b000000, 0x000000008b000000, 0x000000008b100000|  0%| F|  |TAMS 0x000000008b000000| PB 0x000000008b000000| Untracked 
| 177|0x000000008b100000, 0x000000008b100000, 0x000000008b200000|  0%| F|  |TAMS 0x000000008b100000| PB 0x000000008b100000| Untracked 
| 178|0x000000008b200000, 0x000000008b200000, 0x000000008b300000|  0%| F|  |TAMS 0x000000008b200000| PB 0x000000008b200000| Untracked 
| 179|0x000000008b300000, 0x000000008b300000, 0x000000008b400000|  0%| F|  |TAMS 0x000000008b300000| PB 0x000000008b300000| Untracked 
| 180|0x000000008b400000, 0x000000008b400000, 0x000000008b500000|  0%| F|  |TAMS 0x000000008b400000| PB 0x000000008b400000| Untracked 
| 181|0x000000008b500000, 0x000000008b500000, 0x000000008b600000|  0%| F|  |TAMS 0x000000008b500000| PB 0x000000008b500000| Untracked 
| 182|0x000000008b600000, 0x000000008b600000, 0x000000008b700000|  0%| F|  |TAMS 0x000000008b600000| PB 0x000000008b600000| Untracked 
| 183|0x000000008b700000, 0x000000008b700000, 0x000000008b800000|  0%| F|  |TAMS 0x000000008b700000| PB 0x000000008b700000| Untracked 
| 184|0x000000008b800000, 0x000000008b800000, 0x000000008b900000|  0%| F|  |TAMS 0x000000008b800000| PB 0x000000008b800000| Untracked 
| 185|0x000000008b900000, 0x000000008b900000, 0x000000008ba00000|  0%| F|  |TAMS 0x000000008b900000| PB 0x000000008b900000| Untracked 
| 186|0x000000008ba00000, 0x000000008ba00000, 0x000000008bb00000|  0%| F|  |TAMS 0x000000008ba00000| PB 0x000000008ba00000| Untracked 
| 187|0x000000008bb00000, 0x000000008bb00000, 0x000000008bc00000|  0%| F|  |TAMS 0x000000008bb00000| PB 0x000000008bb00000| Untracked 
| 188|0x000000008bc00000, 0x000000008bc00000, 0x000000008bd00000|  0%| F|  |TAMS 0x000000008bc00000| PB 0x000000008bc00000| Untracked 
| 189|0x000000008bd00000, 0x000000008bd00000, 0x000000008be00000|  0%| F|  |TAMS 0x000000008bd00000| PB 0x000000008bd00000| Untracked 
| 190|0x000000008be00000, 0x000000008be00000, 0x000000008bf00000|  0%| F|  |TAMS 0x000000008be00000| PB 0x000000008be00000| Untracked 
| 191|0x000000008bf00000, 0x000000008bf00000, 0x000000008c000000|  0%| F|  |TAMS 0x000000008bf00000| PB 0x000000008bf00000| Untracked 
| 192|0x000000008c000000, 0x000000008c000000, 0x000000008c100000|  0%| F|  |TAMS 0x000000008c000000| PB 0x000000008c000000| Untracked 
| 193|0x000000008c100000, 0x000000008c100000, 0x000000008c200000|  0%| F|  |TAMS 0x000000008c100000| PB 0x000000008c100000| Untracked 
| 194|0x000000008c200000, 0x000000008c200000, 0x000000008c300000|  0%| F|  |TAMS 0x000000008c200000| PB 0x000000008c200000| Untracked 
| 195|0x000000008c300000, 0x000000008c300000, 0x000000008c400000|  0%| F|  |TAMS 0x000000008c300000| PB 0x000000008c300000| Untracked 
| 196|0x000000008c400000, 0x000000008c400000, 0x000000008c500000|  0%| F|  |TAMS 0x000000008c400000| PB 0x000000008c400000| Untracked 
| 197|0x000000008c500000, 0x000000008c500000, 0x000000008c600000|  0%| F|  |TAMS 0x000000008c500000| PB 0x000000008c500000| Untracked 
| 198|0x000000008c600000, 0x000000008c600000, 0x000000008c700000|  0%| F|  |TAMS 0x000000008c600000| PB 0x000000008c600000| Untracked 
| 199|0x000000008c700000, 0x000000008c700000, 0x000000008c800000|  0%| F|  |TAMS 0x000000008c700000| PB 0x000000008c700000| Untracked 
| 200|0x000000008c800000, 0x000000008c800000, 0x000000008c900000|  0%| F|  |TAMS 0x000000008c800000| PB 0x000000008c800000| Untracked 
| 201|0x000000008c900000, 0x000000008c900000, 0x000000008ca00000|  0%| F|  |TAMS 0x000000008c900000| PB 0x000000008c900000| Untracked 
| 202|0x000000008ca00000, 0x000000008ca00000, 0x000000008cb00000|  0%| F|  |TAMS 0x000000008ca00000| PB 0x000000008ca00000| Untracked 
| 203|0x000000008cb00000, 0x000000008cb00000, 0x000000008cc00000|  0%| F|  |TAMS 0x000000008cb00000| PB 0x000000008cb00000| Untracked 
| 204|0x000000008cc00000, 0x000000008cc00000, 0x000000008cd00000|  0%| F|  |TAMS 0x000000008cc00000| PB 0x000000008cc00000| Untracked 
| 205|0x000000008cd00000, 0x000000008cd00000, 0x000000008ce00000|  0%| F|  |TAMS 0x000000008cd00000| PB 0x000000008cd00000| Untracked 
| 206|0x000000008ce00000, 0x000000008ce00000, 0x000000008cf00000|  0%| F|  |TAMS 0x000000008ce00000| PB 0x000000008ce00000| Untracked 
| 207|0x000000008cf00000, 0x000000008cf00000, 0x000000008d000000|  0%| F|  |TAMS 0x000000008cf00000| PB 0x000000008cf00000| Untracked 
| 208|0x000000008d000000, 0x000000008d000000, 0x000000008d100000|  0%| F|  |TAMS 0x000000008d000000| PB 0x000000008d000000| Untracked 
| 209|0x000000008d100000, 0x000000008d100000, 0x000000008d200000|  0%| F|  |TAMS 0x000000008d100000| PB 0x000000008d100000| Untracked 
| 210|0x000000008d200000, 0x000000008d200000, 0x000000008d300000|  0%| F|  |TAMS 0x000000008d200000| PB 0x000000008d200000| Untracked 
| 211|0x000000008d300000, 0x000000008d300000, 0x000000008d400000|  0%| F|  |TAMS 0x000000008d300000| PB 0x000000008d300000| Untracked 
| 212|0x000000008d400000, 0x000000008d400000, 0x000000008d500000|  0%| F|  |TAMS 0x000000008d400000| PB 0x000000008d400000| Untracked 
| 213|0x000000008d500000, 0x000000008d500000, 0x000000008d600000|  0%| F|  |TAMS 0x000000008d500000| PB 0x000000008d500000| Untracked 
| 214|0x000000008d600000, 0x000000008d600000, 0x000000008d700000|  0%| F|  |TAMS 0x000000008d600000| PB 0x000000008d600000| Untracked 
| 215|0x000000008d700000, 0x000000008d700000, 0x000000008d800000|  0%| F|  |TAMS 0x000000008d700000| PB 0x000000008d700000| Untracked 
| 216|0x000000008d800000, 0x000000008d800000, 0x000000008d900000|  0%| F|  |TAMS 0x000000008d800000| PB 0x000000008d800000| Untracked 
| 217|0x000000008d900000, 0x000000008d900000, 0x000000008da00000|  0%| F|  |TAMS 0x000000008d900000| PB 0x000000008d900000| Untracked 
| 218|0x000000008da00000, 0x000000008da00000, 0x000000008db00000|  0%| F|  |TAMS 0x000000008da00000| PB 0x000000008da00000| Untracked 
| 219|0x000000008db00000, 0x000000008db00000, 0x000000008dc00000|  0%| F|  |TAMS 0x000000008db00000| PB 0x000000008db00000| Untracked 
| 220|0x000000008dc00000, 0x000000008dc00000, 0x000000008dd00000|  0%| F|  |TAMS 0x000000008dc00000| PB 0x000000008dc00000| Untracked 
| 221|0x000000008dd00000, 0x000000008dd00000, 0x000000008de00000|  0%| F|  |TAMS 0x000000008dd00000| PB 0x000000008dd00000| Untracked 
| 222|0x000000008de00000, 0x000000008de00000, 0x000000008df00000|  0%| F|  |TAMS 0x000000008de00000| PB 0x000000008de00000| Untracked 
| 223|0x000000008df00000, 0x000000008df00000, 0x000000008e000000|  0%| F|  |TAMS 0x000000008df00000| PB 0x000000008df00000| Untracked 
| 224|0x000000008e000000, 0x000000008e000000, 0x000000008e100000|  0%| F|  |TAMS 0x000000008e000000| PB 0x000000008e000000| Untracked 
| 225|0x000000008e100000, 0x000000008e100000, 0x000000008e200000|  0%| F|  |TAMS 0x000000008e100000| PB 0x000000008e100000| Untracked 
| 226|0x000000008e200000, 0x000000008e200000, 0x000000008e300000|  0%| F|  |TAMS 0x000000008e200000| PB 0x000000008e200000| Untracked 
| 227|0x000000008e300000, 0x000000008e300000, 0x000000008e400000|  0%| F|  |TAMS 0x000000008e300000| PB 0x000000008e300000| Untracked 
| 228|0x000000008e400000, 0x000000008e400000, 0x000000008e500000|  0%| F|  |TAMS 0x000000008e400000| PB 0x000000008e400000| Untracked 
| 229|0x000000008e500000, 0x000000008e500000, 0x000000008e600000|  0%| F|  |TAMS 0x000000008e500000| PB 0x000000008e500000| Untracked 
| 230|0x000000008e600000, 0x000000008e600000, 0x000000008e700000|  0%| F|  |TAMS 0x000000008e600000| PB 0x000000008e600000| Untracked 
| 231|0x000000008e700000, 0x000000008e700000, 0x000000008e800000|  0%| F|  |TAMS 0x000000008e700000| PB 0x000000008e700000| Untracked 
| 232|0x000000008e800000, 0x000000008e800000, 0x000000008e900000|  0%| F|  |TAMS 0x000000008e800000| PB 0x000000008e800000| Untracked 
| 233|0x000000008e900000, 0x000000008e900000, 0x000000008ea00000|  0%| F|  |TAMS 0x000000008e900000| PB 0x000000008e900000| Untracked 
| 234|0x000000008ea00000, 0x000000008ea00000, 0x000000008eb00000|  0%| F|  |TAMS 0x000000008ea00000| PB 0x000000008ea00000| Untracked 
| 235|0x000000008eb00000, 0x000000008eb00000, 0x000000008ec00000|  0%| F|  |TAMS 0x000000008eb00000| PB 0x000000008eb00000| Untracked 
| 236|0x000000008ec00000, 0x000000008ec00000, 0x000000008ed00000|  0%| F|  |TAMS 0x000000008ec00000| PB 0x000000008ec00000| Untracked 
| 237|0x000000008ed00000, 0x000000008ed00000, 0x000000008ee00000|  0%| F|  |TAMS 0x000000008ed00000| PB 0x000000008ed00000| Untracked 
| 238|0x000000008ee00000, 0x000000008ee00000, 0x000000008ef00000|  0%| F|  |TAMS 0x000000008ee00000| PB 0x000000008ee00000| Untracked 
| 239|0x000000008ef00000, 0x000000008ef00000, 0x000000008f000000|  0%| F|  |TAMS 0x000000008ef00000| PB 0x000000008ef00000| Untracked 
| 240|0x000000008f000000, 0x000000008f000000, 0x000000008f100000|  0%| F|  |TAMS 0x000000008f000000| PB 0x000000008f000000| Untracked 
| 241|0x000000008f100000, 0x000000008f100000, 0x000000008f200000|  0%| F|  |TAMS 0x000000008f100000| PB 0x000000008f100000| Untracked 
| 242|0x000000008f200000, 0x000000008f200000, 0x000000008f300000|  0%| F|  |TAMS 0x000000008f200000| PB 0x000000008f200000| Untracked 
| 243|0x000000008f300000, 0x000000008f300000, 0x000000008f400000|  0%| F|  |TAMS 0x000000008f300000| PB 0x000000008f300000| Untracked 
| 244|0x000000008f400000, 0x000000008f400000, 0x000000008f500000|  0%| F|  |TAMS 0x000000008f400000| PB 0x000000008f400000| Untracked 
| 245|0x000000008f500000, 0x000000008f500000, 0x000000008f600000|  0%| F|  |TAMS 0x000000008f500000| PB 0x000000008f500000| Untracked 
| 246|0x000000008f600000, 0x000000008f600000, 0x000000008f700000|  0%| F|  |TAMS 0x000000008f600000| PB 0x000000008f600000| Untracked 
| 247|0x000000008f700000, 0x000000008f700000, 0x000000008f800000|  0%| F|  |TAMS 0x000000008f700000| PB 0x000000008f700000| Untracked 
| 248|0x000000008f800000, 0x000000008f800000, 0x000000008f900000|  0%| F|  |TAMS 0x000000008f800000| PB 0x000000008f800000| Untracked 
|2028|0x00000000fec00000, 0x00000000fed00000, 0x00000000fed00000|100%| O|  |TAMS 0x00000000fec2da10| PB 0x00000000fec00000| Untracked 
|2029|0x00000000fed00000, 0x00000000fed00000, 0x00000000fee00000|  0%| F|  |TAMS 0x00000000fed00000| PB 0x00000000fed00000| Untracked 
|2030|0x00000000fee00000, 0x00000000fee00000, 0x00000000fef00000|  0%| F|  |TAMS 0x00000000fee00000| PB 0x00000000fee00000| Untracked 
|2031|0x00000000fef00000, 0x00000000fef00000, 0x00000000ff000000|  0%| F|  |TAMS 0x00000000fef00000| PB 0x00000000fef00000| Untracked 
|2032|0x00000000ff000000, 0x00000000ff000000, 0x00000000ff100000|  0%| F|  |TAMS 0x00000000ff000000| PB 0x00000000ff000000| Untracked 
|2033|0x00000000ff100000, 0x00000000ff100000, 0x00000000ff200000|  0%| F|  |TAMS 0x00000000ff100000| PB 0x00000000ff100000| Untracked 
|2034|0x00000000ff200000, 0x00000000ff200000, 0x00000000ff300000|  0%| F|  |TAMS 0x00000000ff200000| PB 0x00000000ff200000| Untracked 
|2035|0x00000000ff300000, 0x00000000ff300000, 0x00000000ff400000|  0%| F|  |TAMS 0x00000000ff300000| PB 0x00000000ff300000| Untracked 
|2036|0x00000000ff400000, 0x00000000ff400000, 0x00000000ff500000|  0%| F|  |TAMS 0x00000000ff400000| PB 0x00000000ff400000| Untracked 
|2037|0x00000000ff500000, 0x00000000ff500000, 0x00000000ff600000|  0%| F|  |TAMS 0x00000000ff500000| PB 0x00000000ff500000| Untracked 
|2038|0x00000000ff600000, 0x00000000ff600000, 0x00000000ff700000|  0%| F|  |TAMS 0x00000000ff600000| PB 0x00000000ff600000| Untracked 
|2039|0x00000000ff700000, 0x00000000ff700000, 0x00000000ff800000|  0%| F|  |TAMS 0x00000000ff700000| PB 0x00000000ff700000| Untracked 
|2040|0x00000000ff800000, 0x00000000ff800000, 0x00000000ff900000|  0%| F|  |TAMS 0x00000000ff800000| PB 0x00000000ff800000| Untracked 
|2041|0x00000000ff900000, 0x00000000ff900000, 0x00000000ffa00000|  0%| F|  |TAMS 0x00000000ff900000| PB 0x00000000ff900000| Untracked 
|2042|0x00000000ffa00000, 0x00000000ffa00000, 0x00000000ffb00000|  0%| F|  |TAMS 0x00000000ffa00000| PB 0x00000000ffa00000| Untracked 
|2043|0x00000000ffb00000, 0x00000000ffc00000, 0x00000000ffc00000|100%| O|  |TAMS 0x00000000ffc00000| PB 0x00000000ffb00000| Untracked 
|2044|0x00000000ffc00000, 0x00000000ffc00000, 0x00000000ffd00000|  0%| F|  |TAMS 0x00000000ffc00000| PB 0x00000000ffc00000| Untracked 
|2045|0x00000000ffd00000, 0x00000000ffe00000, 0x00000000ffe00000|100%| O|  |TAMS 0x00000000ffe00000| PB 0x00000000ffd00000| Untracked 
|2046|0x00000000ffe00000, 0x00000000fff00000, 0x00000000fff00000|100%| O|  |TAMS 0x00000000fff00000| PB 0x00000000ffe00000| Untracked 
|2047|0x00000000fff00000, 0x00000000fff00000, 0x0000000100000000|  0%| F|  |TAMS 0x00000000fff00000| PB 0x00000000fff00000| Untracked 

Card table byte_map: [0x0000020b9e8d0000,0x0000020b9ecd0000] _byte_map_base: 0x0000020b9e4d0000

Marking Bits: (CMBitMap*) 0x0000020b89c35f10
 Bits: [0x0000020b9ecd0000, 0x0000020ba0cd0000)

Polling page: 0x0000020b89ca0000

Metaspace:

Usage:
  Non-class:    122.04 MB used.
      Class:     18.76 MB used.
       Both:    140.80 MB used.

Virtual space:
  Non-class space:      128.00 MB reserved,     123.12 MB ( 96%) committed,  2 nodes.
      Class space:        1.00 GB reserved,      19.88 MB (  2%) committed,  1 nodes.
             Both:        1.12 GB reserved,     143.00 MB ( 12%) committed. 

Chunk freelists:
   Non-Class:  4.88 MB
       Class:  11.95 MB
        Both:  16.83 MB

MaxMetaspaceSize: unlimited
CompressedClassSpaceSize: 1.00 GB
Initial GC threshold: 21.00 MB
Current GC threshold: 215.88 MB
CDS: off
 - commit_granule_bytes: 65536.
 - commit_granule_words: 8192.
 - virtual_space_node_default_size: 8388608.
 - enlarge_chunks_in_place: 1.
 - use_allocation_guard: 0.


Internal statistics:

num_allocs_failed_limit: 12.
num_arena_births: 4246.
num_arena_deaths: 4.
num_vsnodes_births: 3.
num_vsnodes_deaths: 0.
num_space_committed: 2286.
num_space_uncommitted: 0.
num_chunks_returned_to_freelist: 21.
num_chunks_taken_from_freelist: 10081.
num_chunk_merges: 13.
num_chunk_splits: 6708.
num_chunks_enlarged: 4420.
num_inconsistent_stats: 0.

CodeHeap 'non-profiled nmethods': size=119168Kb used=11151Kb max_used=11785Kb free=108016Kb
 bounds [0x0000020b960c0000, 0x0000020b96c50000, 0x0000020b9d520000]
CodeHeap 'profiled nmethods': size=119104Kb used=29908Kb max_used=31829Kb free=89195Kb
 bounds [0x0000020b8e520000, 0x0000020b90460000, 0x0000020b95970000]
CodeHeap 'non-nmethods': size=7488Kb used=4992Kb max_used=5038Kb free=2495Kb
 bounds [0x0000020b95970000, 0x0000020b95e70000, 0x0000020b960c0000]
 total_blobs=16129 nmethods=15042 adapters=986
 compilation: enabled
              stopped_count=0, restarted_count=0
 full_count=0

Compilation events (20 events):
Event: 64.105 Thread 0x0000020baab62ed0 nmethod 23760 0x0000020b8e8d6f90 code [0x0000020b8e8d71e0, 0x0000020b8e8d79b0]
Event: 64.105 Thread 0x0000020baab62ed0 23746       3       com.android.tools.r8.internal.su0::a (31 bytes)
Event: 64.105 Thread 0x0000020baab62ed0 nmethod 23746 0x0000020b8eca1d10 code [0x0000020b8eca1ec0, 0x0000020b8eca20c0]
Event: 64.105 Thread 0x0000020baab62ed0 23747       3       com.android.tools.r8.internal.tu0::a (54 bytes)
Event: 64.106 Thread 0x0000020baab62ed0 nmethod 23747 0x0000020b8e8d6490 code [0x0000020b8e8d66c0, 0x0000020b8e8d6cc0]
Event: 64.106 Thread 0x0000020baab5f850 nmethod 23765 0x0000020b8f8e5d90 code [0x0000020b8f8e6020, 0x0000020b8f8e6988]
Event: 64.106 Thread 0x0000020baab62ed0 23752       3       com.android.tools.r8.internal.A30::a (152 bytes)
Event: 64.106 Thread 0x0000020baab5f850 23756       3       com.android.tools.r8.internal.yZ$$Lambda/0x000000010132aa40::apply (16 bytes)
Event: 64.106 Thread 0x0000020baab605f0 nmethod 23755 0x0000020b8ec77e10 code [0x0000020b8ec78180, 0x0000020b8ec792f8]
Event: 64.106 Thread 0x0000020baab605f0 23764       3       com.android.tools.r8.internal.yZ::b (43 bytes)
Event: 64.106 Thread 0x0000020baab5f850 nmethod 23756 0x0000020b8f32b710 code [0x0000020b8f32b8c0, 0x0000020b8f32bb60]
Event: 64.106 Thread 0x0000020baab5f850 23750       3       com.android.tools.r8.internal.bJ::a (145 bytes)
Event: 64.107 Thread 0x0000020baab605f0 nmethod 23764 0x0000020b8f1df090 code [0x0000020b8f1df300, 0x0000020b8f1dfe90]
Event: 64.107 Thread 0x0000020baab605f0 23757       3       com.android.tools.r8.internal.E7::a (265 bytes)
Event: 64.107 Thread 0x0000020baab62ed0 nmethod 23752 0x0000020b8f71a790 code [0x0000020b8f71ab40, 0x0000020b8f71c6a0]
Event: 64.107 Thread 0x0000020ba80f6e50 nmethod 23762 0x0000020b8e80fc10 code [0x0000020b8e810100, 0x0000020b8e812788]
Event: 64.107 Thread 0x0000020ba80f6e50 23758       3       com.android.tools.r8.internal.qu0::a (28 bytes)
Event: 64.108 Thread 0x0000020baab5f850 nmethod 23750 0x0000020b8e68ba10 code [0x0000020b8e68be40, 0x0000020b8e68e1b8]
Event: 64.108 Thread 0x0000020baab5f850 23759       3       com.android.tools.r8.internal.ou0::a (31 bytes)
Event: 64.108 Thread 0x0000020baab62ed0 23748       3       com.android.tools.r8.internal.pu0::a (28 bytes)

GC Heap History (20 events):
Event: 57.283 GC heap after
{Heap after GC invocations=46 (full 0):
 garbage-first heap   total 248832K, used 153715K [0x0000000080000000, 0x0000000100000000)
  region size 1024K, 8 young (8192K), 8 survivors (8192K)
 Metaspace       used 118602K, committed 120832K, reserved 1179648K
  class space    used 15792K, committed 16896K, reserved 1048576K
}
Event: 57.599 GC heap before
{Heap before GC invocations=46 (full 0):
 garbage-first heap   total 248832K, used 211059K [0x0000000080000000, 0x0000000100000000)
  region size 1024K, 65 young (66560K), 8 survivors (8192K)
 Metaspace       used 121880K, committed 124096K, reserved 1179648K
  class space    used 16088K, committed 17216K, reserved 1048576K
}
Event: 57.616 GC heap after
{Heap after GC invocations=47 (full 0):
 garbage-first heap   total 248832K, used 162270K [0x0000000080000000, 0x0000000100000000)
  region size 1024K, 9 young (9216K), 9 survivors (9216K)
 Metaspace       used 121880K, committed 124096K, reserved 1179648K
  class space    used 16088K, committed 17216K, reserved 1048576K
}
Event: 58.007 GC heap before
{Heap before GC invocations=48 (full 0):
 garbage-first heap   total 273408K, used 217566K [0x0000000080000000, 0x0000000100000000)
  region size 1024K, 63 young (64512K), 9 survivors (9216K)
 Metaspace       used 122447K, committed 124608K, reserved 1179648K
  class space    used 16134K, committed 17216K, reserved 1048576K
}
Event: 58.016 GC heap after
{Heap after GC invocations=49 (full 0):
 garbage-first heap   total 273408K, used 165974K [0x0000000080000000, 0x0000000100000000)
  region size 1024K, 5 young (5120K), 5 survivors (5120K)
 Metaspace       used 122447K, committed 124608K, reserved 1179648K
  class space    used 16134K, committed 17216K, reserved 1048576K
}
Event: 58.896 GC heap before
{Heap before GC invocations=49 (full 0):
 garbage-first heap   total 273408K, used 236630K [0x0000000080000000, 0x0000000100000000)
  region size 1024K, 75 young (76800K), 5 survivors (5120K)
 Metaspace       used 123516K, committed 125760K, reserved 1179648K
  class space    used 16233K, committed 17344K, reserved 1048576K
}
Event: 58.903 GC heap after
{Heap after GC invocations=50 (full 0):
 garbage-first heap   total 273408K, used 143451K [0x0000000080000000, 0x0000000100000000)
  region size 1024K, 3 young (3072K), 3 survivors (3072K)
 Metaspace       used 123516K, committed 125760K, reserved 1179648K
  class space    used 16233K, committed 17344K, reserved 1048576K
}
Event: 60.658 GC heap before
{Heap before GC invocations=50 (full 0):
 garbage-first heap   total 273408K, used 233563K [0x0000000080000000, 0x0000000100000000)
  region size 1024K, 92 young (94208K), 3 survivors (3072K)
 Metaspace       used 128518K, committed 130688K, reserved 1179648K
  class space    used 16854K, committed 17920K, reserved 1048576K
}
Event: 60.663 GC heap after
{Heap after GC invocations=51 (full 0):
 garbage-first heap   total 273408K, used 144253K [0x0000000080000000, 0x0000000100000000)
  region size 1024K, 4 young (4096K), 4 survivors (4096K)
 Metaspace       used 128518K, committed 130688K, reserved 1179648K
  class space    used 16854K, committed 17920K, reserved 1048576K
}
Event: 62.251 GC heap before
{Heap before GC invocations=52 (full 0):
 garbage-first heap   total 273408K, used 237437K [0x0000000080000000, 0x0000000100000000)
  region size 1024K, 103 young (105472K), 4 survivors (4096K)
 Metaspace       used 129224K, committed 131456K, reserved 1179648K
  class space    used 16932K, committed 18048K, reserved 1048576K
}
Event: 62.259 GC heap after
{Heap after GC invocations=53 (full 0):
 garbage-first heap   total 273408K, used 140679K [0x0000000080000000, 0x0000000100000000)
  region size 1024K, 7 young (7168K), 7 survivors (7168K)
 Metaspace       used 129224K, committed 131456K, reserved 1179648K
  class space    used 16932K, committed 18048K, reserved 1048576K
}
Event: 62.376 GC heap before
{Heap before GC invocations=53 (full 0):
 garbage-first heap   total 273408K, used 241031K [0x0000000080000000, 0x0000000100000000)
  region size 1024K, 106 young (108544K), 7 survivors (7168K)
 Metaspace       used 129503K, committed 131648K, reserved 1179648K
  class space    used 16962K, committed 18048K, reserved 1048576K
}
Event: 62.385 GC heap after
{Heap after GC invocations=54 (full 0):
 garbage-first heap   total 273408K, used 125991K [0x0000000080000000, 0x0000000100000000)
  region size 1024K, 11 young (11264K), 11 survivors (11264K)
 Metaspace       used 129503K, committed 131648K, reserved 1179648K
  class space    used 16962K, committed 18048K, reserved 1048576K
}
Event: 62.659 GC heap before
{Heap before GC invocations=54 (full 0):
 garbage-first heap   total 273408K, used 238631K [0x0000000080000000, 0x0000000100000000)
  region size 1024K, 122 young (124928K), 11 survivors (11264K)
 Metaspace       used 130145K, committed 132352K, reserved 1179648K
  class space    used 17053K, committed 18176K, reserved 1048576K
}
Event: 62.669 GC heap after
{Heap after GC invocations=55 (full 0):
 garbage-first heap   total 273408K, used 129917K [0x0000000080000000, 0x0000000100000000)
  region size 1024K, 12 young (12288K), 12 survivors (12288K)
 Metaspace       used 130145K, committed 132352K, reserved 1179648K
  class space    used 17053K, committed 18176K, reserved 1048576K
}
Event: 63.317 GC heap before
{Heap before GC invocations=56 (full 0):
 garbage-first heap   total 273408K, used 244605K [0x0000000080000000, 0x0000000100000000)
  region size 1024K, 125 young (128000K), 12 survivors (12288K)
 Metaspace       used 135173K, committed 137344K, reserved 1179648K
  class space    used 17762K, committed 18816K, reserved 1048576K
}
Event: 63.336 GC heap after
{Heap after GC invocations=57 (full 0):
 garbage-first heap   total 273408K, used 141879K [0x0000000080000000, 0x0000000100000000)
  region size 1024K, 16 young (16384K), 16 survivors (16384K)
 Metaspace       used 135173K, committed 137344K, reserved 1179648K
  class space    used 17762K, committed 18816K, reserved 1048576K
}
Event: 63.767 GC heap before
{Heap before GC invocations=57 (full 0):
 garbage-first heap   total 273408K, used 241207K [0x0000000080000000, 0x0000000100000000)
  region size 1024K, 114 young (116736K), 16 survivors (16384K)
 Metaspace       used 140019K, committed 142208K, reserved 1179648K
  class space    used 18551K, committed 19648K, reserved 1048576K
}
Event: 63.789 GC heap after
{Heap after GC invocations=58 (full 0):
 garbage-first heap   total 275456K, used 152180K [0x0000000080000000, 0x0000000100000000)
  region size 1024K, 13 young (13312K), 13 survivors (13312K)
 Metaspace       used 140019K, committed 142208K, reserved 1179648K
  class space    used 18551K, committed 19648K, reserved 1048576K
}
Event: 64.108 GC heap before
{Heap before GC invocations=58 (full 0):
 garbage-first heap   total 275456K, used 246388K [0x0000000080000000, 0x0000000100000000)
  region size 1024K, 105 young (107520K), 13 survivors (13312K)
 Metaspace       used 144181K, committed 146432K, reserved 1179648K
  class space    used 19210K, committed 20352K, reserved 1048576K
}

Dll operation events (3 events):
Event: 0.020 Loaded shared library C:\Program Files\Android\Android Studio\jbr\bin\java.dll
Event: 0.031 Loaded shared library C:\Program Files\Android\Android Studio\jbr\bin\zip.dll
Event: 0.403 Loaded shared library C:\Program Files\Android\Android Studio\jbr\bin\verify.dll

Deoptimization events (20 events):
Event: 64.066 Thread 0x0000020bb04767e0 DEOPT PACKING pc=0x0000020b96842574 sp=0x000000cda18fa140
Event: 64.066 Thread 0x0000020bb04767e0 DEOPT UNPACKING pc=0x0000020b959c7da2 sp=0x000000cda18fa0d8 mode 2
Event: 64.066 Thread 0x0000020bb04767e0 Uncommon trap: trap_request=0xffffffc6 fr.pc=0x0000020b96842574 relative=0x0000000000000bd4
Event: 64.066 Thread 0x0000020bb04767e0 Uncommon trap: reason=bimorphic_or_optimized_type_check action=maybe_recompile pc=0x0000020b96842574 method=java.util.HashMap.removeNode(ILjava/lang/Object;Ljava/lang/Object;ZZ)Ljava/util/HashMap$Node; @ 143 c2
Event: 64.066 Thread 0x0000020bb04767e0 DEOPT PACKING pc=0x0000020b96842574 sp=0x000000cda18fa140
Event: 64.066 Thread 0x0000020bb04767e0 DEOPT UNPACKING pc=0x0000020b959c7da2 sp=0x000000cda18fa0d8 mode 2
Event: 64.066 Thread 0x0000020bb04767e0 Uncommon trap: trap_request=0xffffffc6 fr.pc=0x0000020b96842574 relative=0x0000000000000bd4
Event: 64.066 Thread 0x0000020bb04767e0 Uncommon trap: reason=bimorphic_or_optimized_type_check action=maybe_recompile pc=0x0000020b96842574 method=java.util.HashMap.removeNode(ILjava/lang/Object;Ljava/lang/Object;ZZ)Ljava/util/HashMap$Node; @ 143 c2
Event: 64.066 Thread 0x0000020bb04767e0 DEOPT PACKING pc=0x0000020b96842574 sp=0x000000cda18fa140
Event: 64.066 Thread 0x0000020bb04767e0 DEOPT UNPACKING pc=0x0000020b959c7da2 sp=0x000000cda18fa0d8 mode 2
Event: 64.066 Thread 0x0000020bb04767e0 Uncommon trap: trap_request=0xffffffc6 fr.pc=0x0000020b96842574 relative=0x0000000000000bd4
Event: 64.066 Thread 0x0000020bb04767e0 Uncommon trap: reason=bimorphic_or_optimized_type_check action=maybe_recompile pc=0x0000020b96842574 method=java.util.HashMap.removeNode(ILjava/lang/Object;Ljava/lang/Object;ZZ)Ljava/util/HashMap$Node; @ 143 c2
Event: 64.066 Thread 0x0000020bb04767e0 DEOPT PACKING pc=0x0000020b96842574 sp=0x000000cda18fa140
Event: 64.066 Thread 0x0000020bb04767e0 DEOPT UNPACKING pc=0x0000020b959c7da2 sp=0x000000cda18fa0d8 mode 2
Event: 64.091 Thread 0x0000020bb04767e0 DEOPT PACKING pc=0x0000020b8f84eef4 sp=0x000000cda18fa340
Event: 64.091 Thread 0x0000020bb04767e0 DEOPT UNPACKING pc=0x0000020b959c88e2 sp=0x000000cda18f9810 mode 0
Event: 64.091 Thread 0x0000020bb04767e0 Uncommon trap: trap_request=0xffffff45 fr.pc=0x0000020b96171628 relative=0x0000000000000088
Event: 64.091 Thread 0x0000020bb04767e0 Uncommon trap: reason=unstable_if action=reinterpret pc=0x0000020b96171628 method=java.lang.Long.equals(Ljava/lang/Object;)Z @ 19 c2
Event: 64.091 Thread 0x0000020bb04767e0 DEOPT PACKING pc=0x0000020b96171628 sp=0x000000cda18fa030
Event: 64.091 Thread 0x0000020bb04767e0 DEOPT UNPACKING pc=0x0000020b959c7da2 sp=0x000000cda18f9fc0 mode 2

Classes loaded (20 events):
Event: 63.952 Loading class java/util/IdentityHashMap$EntrySet
Event: 63.952 Loading class java/util/IdentityHashMap$EntrySet done
Event: 63.952 Loading class java/util/IdentityHashMap$EntrySpliterator
Event: 63.952 Loading class java/util/IdentityHashMap$IdentityHashMapSpliterator
Event: 63.952 Loading class java/util/IdentityHashMap$IdentityHashMapSpliterator done
Event: 63.952 Loading class java/util/IdentityHashMap$EntrySpliterator done
Event: 63.964 Loading class java/util/SortedSet$1
Event: 63.965 Loading class java/util/SortedSet$1 done
Event: 63.970 Loading class java/util/stream/SliceOps
Event: 63.970 Loading class java/util/stream/SliceOps done
Event: 63.970 Loading class java/util/stream/SliceOps$1
Event: 63.971 Loading class java/util/stream/SliceOps$1 done
Event: 63.974 Loading class java/util/stream/SliceOps$1$1
Event: 63.974 Loading class java/util/stream/SliceOps$1$1 done
Event: 63.983 Loading class java/util/IdentityHashMap$ValueIterator
Event: 63.983 Loading class java/util/IdentityHashMap$ValueIterator done
Event: 64.070 Loading class java/util/AbstractList$SubList
Event: 64.070 Loading class java/util/AbstractList$SubList done
Event: 64.070 Loading class java/util/AbstractList$SubList$1
Event: 64.070 Loading class java/util/AbstractList$SubList$1 done

Classes unloaded (9 events):
Event: 9.432 Thread 0x0000020ba3d6a660 Unloading class 0x0000000100ae0550 '_BuildScript_$_run_closure1'
Event: 9.432 Thread 0x0000020ba3d6a660 Unloading class 0x0000000100ae0000 '_BuildScript_'
Event: 37.683 Thread 0x0000020ba3d6a660 Unloading class 0x0000000100cb9c00 '_BuildScript_$_run_closure2'
Event: 37.683 Thread 0x0000020ba3d6a660 Unloading class 0x0000000100cb9800 '_BuildScript_$_run_closure1$_closure5'
Event: 37.683 Thread 0x0000020ba3d6a660 Unloading class 0x0000000100cb9400 '_BuildScript_$_run_closure1$_closure4$_closure6'
Event: 37.683 Thread 0x0000020ba3d6a660 Unloading class 0x0000000100cb9000 '_BuildScript_$_run_closure1$_closure4'
Event: 37.683 Thread 0x0000020ba3d6a660 Unloading class 0x0000000100cb8950 '_BuildScript_$_run_closure1$_closure3'
Event: 37.683 Thread 0x0000020ba3d6a660 Unloading class 0x0000000100cb8550 '_BuildScript_$_run_closure1'
Event: 37.683 Thread 0x0000020ba3d6a660 Unloading class 0x0000000100cb8000 '_BuildScript_'

Classes redefined (0 events):
No events

Internal exceptions (20 events):
Event: 63.399 Thread 0x0000020bb0476e70 Exception <a 'java/lang/IncompatibleClassChangeError'{0x00000000ff7fbd40}: Found class java.lang.Object, but interface was expected> (0x00000000ff7fbd40) 
thrown [s\src\hotspot\share\interpreter\linkResolver.cpp, line 851]
Event: 63.399 Thread 0x0000020bab5684e0 Exception <a 'java/lang/IncompatibleClassChangeError'{0x00000000ff6720b0}: Found class java.lang.Object, but interface was expected> (0x00000000ff6720b0) 
thrown [s\src\hotspot\share\interpreter\linkResolver.cpp, line 851]
Event: 63.681 Thread 0x0000020bab5684e0 Exception <a 'java/lang/NoSuchMethodError'{0x000000008b635c58}: 'java.lang.Object java.lang.invoke.DirectMethodHandle$Holder.invokeStatic(java.lang.Object, int, java.lang.Object, java.lang.Object)'> (0x000000008b635c58) 
thrown [s\src\hotspot\share\interpreter\linkResolver.cpp, line 784]
Event: 63.681 Thread 0x0000020bb0476e70 Exception <a 'java/lang/NoSuchMethodError'{0x000000008b666230}: 'java.lang.Object java.lang.invoke.DirectMethodHandle$Holder.invokeStatic(java.lang.Object, int, java.lang.Object, java.lang.Object)'> (0x000000008b666230) 
thrown [s\src\hotspot\share\interpreter\linkResolver.cpp, line 784]
Event: 63.681 Thread 0x0000020bb0476150 Exception <a 'java/lang/NoSuchMethodError'{0x000000008b7d69b8}: 'java.lang.Object java.lang.invoke.DirectMethodHandle$Holder.invokeStatic(java.lang.Object, int, java.lang.Object, java.lang.Object)'> (0x000000008b7d69b8) 
thrown [s\src\hotspot\share\interpreter\linkResolver.cpp, line 784]
Event: 63.681 Thread 0x0000020bb04767e0 Exception <a 'java/lang/NoSuchMethodError'{0x000000008b60fd40}: 'java.lang.Object java.lang.invoke.DirectMethodHandle$Holder.invokeStatic(java.lang.Object, int, java.lang.Object, java.lang.Object)'> (0x000000008b60fd40) 
thrown [s\src\hotspot\share\interpreter\linkResolver.cpp, line 784]
Event: 63.683 Thread 0x0000020bab5684e0 Exception <a 'java/lang/NoSuchMethodError'{0x000000008b647998}: 'java.lang.Object java.lang.invoke.DirectMethodHandle$Holder.invokeStatic(java.lang.Object, java.lang.Object, int, java.lang.Object, java.lang.Object)'> (0x000000008b647998) 
thrown [s\src\hotspot\share\interpreter\linkResolver.cpp, line 784]
Event: 63.683 Thread 0x0000020bb0476e70 Exception <a 'java/lang/NoSuchMethodError'{0x000000008b677f50}: 'java.lang.Object java.lang.invoke.DirectMethodHandle$Holder.invokeStatic(java.lang.Object, java.lang.Object, int, java.lang.Object, java.lang.Object)'> (0x000000008b677f50) 
thrown [s\src\hotspot\share\interpreter\linkResolver.cpp, line 784]
Event: 63.683 Thread 0x0000020bb0476150 Exception <a 'java/lang/NoSuchMethodError'{0x000000008b7e86b0}: 'java.lang.Object java.lang.invoke.DirectMethodHandle$Holder.invokeStatic(java.lang.Object, java.lang.Object, int, java.lang.Object, java.lang.Object)'> (0x000000008b7e86b0) 
thrown [s\src\hotspot\share\interpreter\linkResolver.cpp, line 784]
Event: 63.683 Thread 0x0000020bb04767e0 Exception <a 'java/lang/NoSuchMethodError'{0x000000008b624f38}: 'java.lang.Object java.lang.invoke.DirectMethodHandle$Holder.invokeStatic(java.lang.Object, java.lang.Object, int, java.lang.Object, java.lang.Object)'> (0x000000008b624f38) 
thrown [s\src\hotspot\share\interpreter\linkResolver.cpp, line 784]
Event: 63.858 Thread 0x0000020bab5684e0 Exception <a 'java/lang/IncompatibleClassChangeError'{0x000000008eb71628}: Found class java.lang.Object, but interface was expected> (0x000000008eb71628) 
thrown [s\src\hotspot\share\interpreter\linkResolver.cpp, line 851]
Event: 63.858 Thread 0x0000020bb0476e70 Exception <a 'java/lang/IncompatibleClassChangeError'{0x000000008e806960}: Found class java.lang.Object, but interface was expected> (0x000000008e806960) 
thrown [s\src\hotspot\share\interpreter\linkResolver.cpp, line 851]
Event: 63.858 Thread 0x0000020bb04767e0 Exception <a 'java/lang/IncompatibleClassChangeError'{0x000000008eae9160}: Found class java.lang.Object, but interface was expected> (0x000000008eae9160) 
thrown [s\src\hotspot\share\interpreter\linkResolver.cpp, line 851]
Event: 63.858 Thread 0x0000020bb0476e70 Exception <a 'java/lang/IncompatibleClassChangeError'{0x000000008e80b018}: Found class java.lang.Object, but interface was expected> (0x000000008e80b018) 
thrown [s\src\hotspot\share\interpreter\linkResolver.cpp, line 851]
Event: 63.858 Thread 0x0000020bab5684e0 Exception <a 'java/lang/IncompatibleClassChangeError'{0x000000008eb75990}: Found class java.lang.Object, but interface was expected> (0x000000008eb75990) 
thrown [s\src\hotspot\share\interpreter\linkResolver.cpp, line 851]
Event: 63.910 Thread 0x0000020bab5684e0 Exception <a 'java/lang/NoSuchMethodError'{0x000000008d3ea168}: 'void java.lang.invoke.DirectMethodHandle$Holder.invokeSpecial(java.lang.Object, java.lang.Object, int, java.lang.Object)'> (0x000000008d3ea168) 
thrown [s\src\hotspot\share\interpreter\linkResolver.cpp, line 784]
Event: 63.989 Thread 0x0000020bb0476150 Exception <a 'java/lang/NoSuchMethodError'{0x000000008bf6c3e8}: 'int java.lang.invoke.DirectMethodHandle$Holder.invokeSpecial(java.lang.Object, java.lang.Object, java.lang.Object, int, java.lang.Object)'> (0x000000008bf6c3e8) 
thrown [s\src\hotspot\share\interpreter\linkResolver.cpp, line 784]
Event: 63.989 Thread 0x0000020bb04767e0 Exception <a 'java/lang/NoSuchMethodError'{0x000000008bdcc780}: 'int java.lang.invoke.DirectMethodHandle$Holder.invokeSpecial(java.lang.Object, java.lang.Object, java.lang.Object, int, java.lang.Object)'> (0x000000008bdcc780) 
thrown [s\src\hotspot\share\interpreter\linkResolver.cpp, line 784]
Event: 63.989 Thread 0x0000020bab5684e0 Exception <a 'java/lang/NoSuchMethodError'{0x000000008bd72b40}: 'int java.lang.invoke.DirectMethodHandle$Holder.invokeSpecial(java.lang.Object, java.lang.Object, java.lang.Object, int, java.lang.Object)'> (0x000000008bd72b40) 
thrown [s\src\hotspot\share\interpreter\linkResolver.cpp, line 784]
Event: 63.989 Thread 0x0000020bb0476e70 Exception <a 'java/lang/NoSuchMethodError'{0x000000008bc3a230}: 'int java.lang.invoke.DirectMethodHandle$Holder.invokeSpecial(java.lang.Object, java.lang.Object, java.lang.Object, int, java.lang.Object)'> (0x000000008bc3a230) 
thrown [s\src\hotspot\share\interpreter\linkResolver.cpp, line 784]

ZGC Phase Switch (0 events):
No events

VM Operations (20 events):
Event: 63.969 Executing VM operation: HandshakeAllThreads (Deoptimize) done
Event: 63.973 Executing VM operation: HandshakeAllThreads (Deoptimize)
Event: 63.974 Executing VM operation: HandshakeAllThreads (Deoptimize) done
Event: 64.039 Executing VM operation: ICBufferFull
Event: 64.040 Executing VM operation: ICBufferFull done
Event: 64.040 Executing VM operation: HandshakeAllThreads (Deoptimize)
Event: 64.040 Executing VM operation: HandshakeAllThreads (Deoptimize) done
Event: 64.056 Executing VM operation: HandshakeAllThreads (Deoptimize)
Event: 64.056 Executing VM operation: HandshakeAllThreads (Deoptimize) done
Event: 64.060 Executing VM operation: HandshakeAllThreads (Deoptimize)
Event: 64.061 Executing VM operation: HandshakeAllThreads (Deoptimize) done
Event: 64.064 Executing VM operation: HandshakeAllThreads (Deoptimize)
Event: 64.065 Executing VM operation: HandshakeAllThreads (Deoptimize) done
Event: 64.077 Executing VM operation: ICBufferFull
Event: 64.077 Executing VM operation: ICBufferFull done
Event: 64.090 Executing VM operation: HandshakeAllThreads (Deoptimize)
Event: 64.091 Executing VM operation: HandshakeAllThreads (Deoptimize) done
Event: 64.099 Executing VM operation: ICBufferFull
Event: 64.099 Executing VM operation: ICBufferFull done
Event: 64.108 Executing VM operation: G1CollectForAllocation (G1 Evacuation Pause)

Memory protections (0 events):
No events

Nmethod flushes (20 events):
Event: 62.730 Thread 0x0000020ba3d6a660 flushing  nmethod 0x0000020b9014df90
Event: 62.730 Thread 0x0000020ba3d6a660 flushing  nmethod 0x0000020b9014e310
Event: 62.730 Thread 0x0000020ba3d6a660 flushing  nmethod 0x0000020b90150a10
Event: 62.730 Thread 0x0000020ba3d6a660 flushing  nmethod 0x0000020b90153d10
Event: 62.730 Thread 0x0000020ba3d6a660 flushing  nmethod 0x0000020b90225f10
Event: 62.730 Thread 0x0000020ba3d6a660 flushing  nmethod 0x0000020b90226290
Event: 62.730 Thread 0x0000020ba3d6a660 flushing  nmethod 0x0000020b90229690
Event: 62.730 Thread 0x0000020ba3d6a660 flushing  nmethod 0x0000020b9022ca10
Event: 62.730 Thread 0x0000020ba3d6a660 flushing  nmethod 0x0000020b902de990
Event: 62.730 Thread 0x0000020ba3d6a660 flushing  nmethod 0x0000020b902df510
Event: 62.730 Thread 0x0000020ba3d6a660 flushing  nmethod 0x0000020b902dfd90
Event: 62.730 Thread 0x0000020ba3d6a660 flushing  nmethod 0x0000020b902e0110
Event: 62.730 Thread 0x0000020ba3d6a660 flushing  nmethod 0x0000020b902e0490
Event: 62.730 Thread 0x0000020ba3d6a660 flushing  nmethod 0x0000020b902e2c10
Event: 62.730 Thread 0x0000020ba3d6a660 flushing  nmethod 0x0000020b902e3210
Event: 62.730 Thread 0x0000020ba3d6a660 flushing  nmethod 0x0000020b902e3590
Event: 62.730 Thread 0x0000020ba3d6a660 flushing  nmethod 0x0000020b902e5710
Event: 62.730 Thread 0x0000020ba3d6a660 flushing  nmethod 0x0000020b902e7790
Event: 62.730 Thread 0x0000020ba3d6a660 flushing  nmethod 0x0000020b902e9790
Event: 62.730 Thread 0x0000020ba3d6a660 flushing  nmethod 0x0000020b902e9c90

Events (20 events):
Event: 62.286 Thread 0x0000020bafad1460 Thread added: 0x0000020bb046eb30
Event: 62.287 Thread 0x0000020bafad1460 Thread added: 0x0000020bb046e4a0
Event: 62.287 Thread 0x0000020bafad1460 Thread added: 0x0000020bb046fee0
Event: 62.287 Thread 0x0000020bafad1460 Thread added: 0x0000020bb046f1c0
Event: 62.287 Thread 0x0000020bafad1460 Thread added: 0x0000020bb046f850
Event: 62.287 Thread 0x0000020bafad1460 Thread added: 0x0000020bb0472640
Event: 62.324 Thread 0x0000020baab605f0 Thread added: 0x0000020baab62ed0
Event: 62.548 Thread 0x0000020bafad1460 Thread added: 0x0000020bb0472cd0
Event: 62.549 Thread 0x0000020bafad1460 Thread added: 0x0000020bb046bd40
Event: 62.549 Thread 0x0000020bafad1460 Thread added: 0x0000020bb0475ac0
Event: 62.549 Thread 0x0000020bafad1460 Thread added: 0x0000020bb0474da0
Event: 62.549 Thread 0x0000020bafad1460 Thread added: 0x0000020bb04739f0
Event: 62.549 Thread 0x0000020bafad1460 Thread added: 0x0000020bb0474080
Event: 62.549 Thread 0x0000020bafad1460 Thread added: 0x0000020bb0473360
Event: 62.549 Thread 0x0000020bafad1460 Thread added: 0x0000020bb0476150
Event: 62.550 Thread 0x0000020bafad1460 Thread added: 0x0000020bb0474710
Event: 62.550 Thread 0x0000020bafad1460 Thread added: 0x0000020bb04767e0
Event: 62.550 Thread 0x0000020bafad1460 Thread added: 0x0000020bb0475430
Event: 62.550 Thread 0x0000020bafad1460 Thread added: 0x0000020bb0476e70
Event: 62.797 Thread 0x0000020baa894d20 Thread exited: 0x0000020baa894d20


Dynamic libraries:
0x00007ff799fe0000 - 0x00007ff799fea000 	C:\Program Files\Android\Android Studio\jbr\bin\java.exe
0x00007ff87b630000 - 0x00007ff87b847000 	C:\WINDOWS\SYSTEM32\ntdll.dll
0x00007ff87abb0000 - 0x00007ff87ac74000 	C:\WINDOWS\System32\KERNEL32.DLL
0x00007ff878b30000 - 0x00007ff878f03000 	C:\WINDOWS\System32\KERNELBASE.dll
0x00007ff8791a0000 - 0x00007ff8792b1000 	C:\WINDOWS\System32\ucrtbase.dll
0x00007ff85def0000 - 0x00007ff85df08000 	C:\Program Files\Android\Android Studio\jbr\bin\jli.dll
0x00007ff87ad90000 - 0x00007ff87af41000 	C:\WINDOWS\System32\USER32.dll
0x00007ff878720000 - 0x00007ff878746000 	C:\WINDOWS\System32\win32u.dll
0x00007ff860930000 - 0x00007ff860bcb000 	C:\WINDOWS\WinSxS\amd64_microsoft.windows.common-controls_6595b64144ccf1df_6.0.22621.5262_none_2712bde373830908\COMCTL32.dll
0x00007ff879620000 - 0x00007ff879649000 	C:\WINDOWS\System32\GDI32.dll
0x00007ff87aa50000 - 0x00007ff87aaf7000 	C:\WINDOWS\System32\msvcrt.dll
0x00007ff878a00000 - 0x00007ff878b22000 	C:\WINDOWS\System32\gdi32full.dll
0x00007ff879100000 - 0x00007ff87919a000 	C:\WINDOWS\System32\msvcp_win.dll
0x00007ff862340000 - 0x00007ff86235b000 	C:\Program Files\Android\Android Studio\jbr\bin\VCRUNTIME140.dll
0x00007ff8795c0000 - 0x00007ff8795f1000 	C:\WINDOWS\System32\IMM32.DLL
0x00007ff86b4b0000 - 0x00007ff86b4bc000 	C:\Program Files\Android\Android Studio\jbr\bin\vcruntime140_1.dll
0x00007ff839e30000 - 0x00007ff839ebd000 	C:\Program Files\Android\Android Studio\jbr\bin\msvcp140.dll
0x00007ffffd700000 - 0x00007ffffe38a000 	C:\Program Files\Android\Android Studio\jbr\bin\server\jvm.dll
0x00007ff879500000 - 0x00007ff8795b1000 	C:\WINDOWS\System32\ADVAPI32.dll
0x00007ff87af50000 - 0x00007ff87aff7000 	C:\WINDOWS\System32\sechost.dll
0x00007ff879050000 - 0x00007ff879078000 	C:\WINDOWS\System32\bcrypt.dll
0x00007ff87a930000 - 0x00007ff87aa44000 	C:\WINDOWS\System32\RPCRT4.dll
0x00007ff87b570000 - 0x00007ff87b5e1000 	C:\WINDOWS\System32\WS2_32.dll
0x00007ff877570000 - 0x00007ff8775bd000 	C:\WINDOWS\SYSTEM32\POWRPROF.dll
0x00007ff86c4b0000 - 0x00007ff86c4e4000 	C:\WINDOWS\SYSTEM32\WINMM.dll
0x00007ff867d70000 - 0x00007ff867d7a000 	C:\WINDOWS\SYSTEM32\VERSION.dll
0x00007ff877550000 - 0x00007ff877563000 	C:\WINDOWS\SYSTEM32\UMPDC.dll
0x00007ff877770000 - 0x00007ff877788000 	C:\WINDOWS\SYSTEM32\kernel.appcore.dll
0x00007ff86b390000 - 0x00007ff86b39a000 	C:\Program Files\Android\Android Studio\jbr\bin\jimage.dll
0x00007ff8762f0000 - 0x00007ff876522000 	C:\WINDOWS\SYSTEM32\DBGHELP.DLL
0x00007ff8797b0000 - 0x00007ff879b43000 	C:\WINDOWS\System32\combase.dll
0x00007ff87b090000 - 0x00007ff87b167000 	C:\WINDOWS\System32\OLEAUT32.dll
0x00007ff86c0f0000 - 0x00007ff86c122000 	C:\WINDOWS\SYSTEM32\dbgcore.DLL
0x00007ff879080000 - 0x00007ff8790fb000 	C:\WINDOWS\System32\bcryptPrimitives.dll
0x00007ff862130000 - 0x00007ff86213e000 	C:\Program Files\Android\Android Studio\jbr\bin\instrument.dll
0x00007ff862300000 - 0x00007ff862320000 	C:\Program Files\Android\Android Studio\jbr\bin\java.dll
0x00007ff862230000 - 0x00007ff862248000 	C:\Program Files\Android\Android Studio\jbr\bin\zip.dll
0x00007ff879b60000 - 0x00007ff87a3fd000 	C:\WINDOWS\System32\SHELL32.dll
0x00007ff8788c0000 - 0x00007ff8789ff000 	C:\WINDOWS\System32\wintypes.dll
0x00007ff876530000 - 0x00007ff876e4d000 	C:\WINDOWS\SYSTEM32\windows.storage.dll
0x00007ff87b460000 - 0x00007ff87b56b000 	C:\WINDOWS\System32\SHCORE.dll
0x00007ff87b380000 - 0x00007ff87b3e6000 	C:\WINDOWS\System32\shlwapi.dll
0x00007ff878650000 - 0x00007ff87867b000 	C:\WINDOWS\SYSTEM32\profapi.dll
0x00007ff868c50000 - 0x00007ff868c60000 	C:\Program Files\Android\Android Studio\jbr\bin\net.dll
0x00007ff86ea80000 - 0x00007ff86ebac000 	C:\WINDOWS\SYSTEM32\WINHTTP.dll
0x00007ff877c90000 - 0x00007ff877cfa000 	C:\WINDOWS\system32\mswsock.dll
0x00007ff861c40000 - 0x00007ff861c56000 	C:\Program Files\Android\Android Studio\jbr\bin\nio.dll
0x00007ff863d50000 - 0x00007ff863d60000 	C:\Program Files\Android\Android Studio\jbr\bin\verify.dll
0x00007ff862140000 - 0x00007ff862167000 	C:\Users\User\.gradle\native\c067742578af261105cb4f569cf0c3c89f3d7b1fecec35dd04571415982c5e48\windows-amd64\native-platform.dll
0x00007ff800390000 - 0x00007ff8004d4000 	C:\Users\User\.gradle\native\100fb08df4bc3b14c8652ba06237920a3bd2aa13389f12d3474272988ae205f9\windows-amd64\native-platform-file-events.dll
0x00007ff867d80000 - 0x00007ff867d89000 	C:\Program Files\Android\Android Studio\jbr\bin\management.dll
0x00007ff863f80000 - 0x00007ff863f8b000 	C:\Program Files\Android\Android Studio\jbr\bin\management_ext.dll
0x00007ff87b370000 - 0x00007ff87b378000 	C:\WINDOWS\System32\PSAPI.DLL
0x00007ff877f10000 - 0x00007ff877f2b000 	C:\WINDOWS\SYSTEM32\CRYPTSP.dll
0x00007ff877790000 - 0x00007ff8777c7000 	C:\WINDOWS\system32\rsaenh.dll
0x00007ff877d70000 - 0x00007ff877d98000 	C:\WINDOWS\SYSTEM32\USERENV.dll
0x00007ff877f00000 - 0x00007ff877f0c000 	C:\WINDOWS\SYSTEM32\CRYPTBASE.dll
0x00007ff877250000 - 0x00007ff87727d000 	C:\WINDOWS\SYSTEM32\IPHLPAPI.DLL
0x00007ff879b50000 - 0x00007ff879b59000 	C:\WINDOWS\System32\NSI.dll
0x00007ff8683e0000 - 0x00007ff8683e9000 	C:\Program Files\Android\Android Studio\jbr\bin\extnet.dll
0x00007ff828a70000 - 0x00007ff828a78000 	C:\WINDOWS\system32\wshunix.dll
0x00007ff877280000 - 0x00007ff877378000 	C:\WINDOWS\SYSTEM32\DNSAPI.dll
0x00007ff86eee0000 - 0x00007ff86eeea000 	C:\Windows\System32\rasadhlp.dll
0x00007ff86bfd0000 - 0x00007ff86c053000 	C:\WINDOWS\System32\fwpuclnt.dll
0x00007ff877930000 - 0x00007ff877964000 	C:\WINDOWS\SYSTEM32\ntmarta.dll

dbghelp: loaded successfully - version: 4.0.5 - missing functions: none
symbol engine: initialized successfully - sym options: 0x614 - pdb path: .;C:\Program Files\Android\Android Studio\jbr\bin;C:\WINDOWS\SYSTEM32;C:\WINDOWS\WinSxS\amd64_microsoft.windows.common-controls_6595b64144ccf1df_6.0.22621.5262_none_2712bde373830908;C:\Program Files\Android\Android Studio\jbr\bin\server;C:\Users\User\.gradle\native\c067742578af261105cb4f569cf0c3c89f3d7b1fecec35dd04571415982c5e48\windows-amd64;C:\Users\User\.gradle\native\100fb08df4bc3b14c8652ba06237920a3bd2aa13389f12d3474272988ae205f9\windows-amd64

VM Arguments:
jvm_args: --add-opens=java.base/java.util=ALL-UNNAMED --add-opens=java.base/java.lang=ALL-UNNAMED --add-opens=java.base/java.lang.invoke=ALL-UNNAMED --add-opens=java.prefs/java.util.prefs=ALL-UNNAMED --add-exports=jdk.compiler/com.sun.tools.javac.api=ALL-UNNAMED --add-exports=jdk.compiler/com.sun.tools.javac.util=ALL-UNNAMED --add-opens=java.base/java.nio.charset=ALL-UNNAMED --add-opens=java.base/java.net=ALL-UNNAMED --add-opens=java.base/java.util.concurrent.atomic=ALL-UNNAMED -Xmx2048m -Dfile.encoding=UTF-8 -Duser.country=TW -Duser.language=zh -Duser.variant -javaagent:C:\Users\User\.gradle\wrapper\dists\gradle-8.10.2-bin\a04bxjujx95o3nb99gddekhwo\gradle-8.10.2\lib\agents\gradle-instrumentation-agent-8.10.2.jar 
java_command: org.gradle.launcher.daemon.bootstrap.GradleDaemon 8.10.2
java_class_path (initial): C:\Users\User\.gradle\wrapper\dists\gradle-8.10.2-bin\a04bxjujx95o3nb99gddekhwo\gradle-8.10.2\lib\gradle-daemon-main-8.10.2.jar
Launcher Type: SUN_STANDARD

[Global flags]
     intx CICompilerCount                          = 12                                        {product} {ergonomic}
     uint ConcGCThreads                            = 3                                         {product} {ergonomic}
     uint G1ConcRefinementThreads                  = 13                                        {product} {ergonomic}
   size_t G1HeapRegionSize                         = 1048576                                   {product} {ergonomic}
    uintx GCDrainStackTargetSize                   = 64                                        {product} {ergonomic}
   size_t InitialHeapSize                          = 132120576                                 {product} {ergonomic}
   size_t MarkStackSize                            = 4194304                                   {product} {ergonomic}
   size_t MaxHeapSize                              = 2147483648                                {product} {command line}
   size_t MaxNewSize                               = 1287651328                                {product} {ergonomic}
   size_t MinHeapDeltaBytes                        = 1048576                                   {product} {ergonomic}
   size_t MinHeapSize                              = 8388608                                   {product} {ergonomic}
    uintx NonNMethodCodeHeapSize                   = 7602480                                {pd product} {ergonomic}
    uintx NonProfiledCodeHeapSize                  = 122027880                              {pd product} {ergonomic}
    uintx ProfiledCodeHeapSize                     = 122027880                              {pd product} {ergonomic}
    uintx ReservedCodeCacheSize                    = 251658240                              {pd product} {ergonomic}
     bool SegmentedCodeCache                       = true                                      {product} {ergonomic}
   size_t SoftMaxHeapSize                          = 2147483648                             {manageable} {ergonomic}
     bool UseCompressedOops                        = true                           {product lp64_product} {ergonomic}
     bool UseG1GC                                  = true                                      {product} {ergonomic}
     bool UseLargePagesIndividualAllocation        = false                                  {pd product} {ergonomic}

Logging:
Log output configuration:
 #0: stdout all=warning uptime,level,tags foldmultilines=false
 #1: stderr all=off uptime,level,tags foldmultilines=false

Environment Variables:
PATH=C:\Program Files (x86)\Common Files\Intel\Shared Libraries\redist\intel64\compiler;C:\Program Files\Common Files\Oracle\Java\javapath;C:\Program Files (x86)\Common Files\Oracle\Java\java8path;C:\Program Files (x86)\Common Files\Oracle\Java\javapath;C:\Windows\system32;C:\Windows;C:\Windows\System32\Wbem;C:\Windows\System32\WindowsPowerShell\v1.0\;C:\Windows\System32\OpenSSH\;C:\Program Files (x86)\NVIDIA Corporation\PhysX\Common;C:\Program Files\NVIDIA Corporation\NVIDIA NvDLISR;C:\WINDOWS\system32;C:\WINDOWS;C:\WINDOWS\System32\Wbem;C:\WINDOWS\System32\WindowsPowerShell\v1.0\;C:\WINDOWS\System32\OpenSSH\;C:\Program Files\Git\cmd;C:\MinGW\bin;C:\Users\User\AppData\Local\Microsoft\WindowsApps;C:\Users\User\AppData\Local\Programs\Microsoft VS Code\bin;C:\Users\User\AppData\Local\GitHubDesktop\bin;C:\Users\User\anaconda3;C:\Users\User\anaconda3\Scripts;C:\Users\User\anaconda3\Library\bin;
USERNAME=User
OS=Windows_NT
PROCESSOR_IDENTIFIER=Intel64 Family 6 Model 141 Stepping 1, GenuineIntel
TMP=C:\Users\User\AppData\Local\Temp
TEMP=C:\Users\User\AppData\Local\Temp




Periodic native trim disabled

JNI global refs:
JNI global refs: 43, weak refs: 142

JNI global refs memory usage: 835, weak refs: 2097

Process memory usage:
Resident Set Size: 570168K (6% of 8146232K total physical memory with 423392K free physical memory)

OOME stack traces (most recent first):
Classloader memory used:
Loader org.gradle.internal.classloader.VisitableURLClassLoader                         : 48476K
Loader org.gradle.internal.classloader.VisitableURLClassLoader$InstrumentingVisitableURLClassLoader: 46322K
Loader bootstrap                                                                       : 34347K
Loader org.gradle.initialization.MixInLegacyTypesClassLoader                           : 13308K
Loader jdk.internal.loader.ClassLoaders$PlatformClassLoader                            : 863K
Loader jdk.internal.reflect.DelegatingClassLoader                                      : 425K
Loader jdk.internal.loader.ClassLoaders$AppClassLoader                                 : 235K
Loader org.gradle.groovy.scripts.internal.DefaultScriptCompilationHandler$ScriptClassLoader: 151K
Loader org.gradle.internal.classloader.VisitableURLClassLoader                         : 38720B
Loader org.codehaus.groovy.runtime.callsite.CallSiteClassLoader                        : 13496B

Classes loaded by more than one classloader:
Class com.google.common.io.LineReader                                                 : loaded 2 times (x 68B)
Class com.google.common.base.PairwiseEquivalence                                      : loaded 2 times (x 79B)
Class com.google.common.base.Equivalence$Identity                                     : loaded 2 times (x 78B)
Class com.google.common.collect.RegularImmutableMap$KeySet                            : loaded 2 times (x 146B)
Class org.gradle.internal.classloader.FilteringClassLoader                            : loaded 2 times (x 101B)
Class [Lcom.google.common.collect.MapMakerInternalMap$Segment;                        : loaded 2 times (x 65B)
Class com.google.common.io.FileWriteMode                                              : loaded 2 times (x 75B)
Class [Lcom.google.common.base.AbstractIterator$State;                                : loaded 2 times (x 65B)
Class com.google.common.base.CharMatcher$IsEither                                     : loaded 2 times (x 107B)
Class org.gradle.internal.classloader.ClassLoaderHierarchy                            : loaded 2 times (x 66B)
Class com.google.common.collect.AbstractMapBasedMultimap$WrappedCollection            : loaded 2 times (x 120B)
Class com.google.common.collect.ImmutableEnumSet                                      : loaded 2 times (x 142B)
Class com.google.common.util.concurrent.ExecutionError                                : loaded 2 times (x 78B)
Class com.google.common.collect.ImmutableList$1                                       : loaded 2 times (x 93B)
Class org.gradle.api.internal.classpath.ManifestUtil                                  : loaded 2 times (x 67B)
Class com.google.common.io.ByteArrayDataOutput                                        : loaded 2 times (x 66B)
Class com.google.gson.stream.MalformedJsonException                                   : loaded 2 times (x 78B)
Class com.google.common.collect.RegularImmutableMap                                   : loaded 2 times (x 117B)
Class com.google.common.collect.ImmutableMap$MapViewOfValuesAsSingletonSets           : loaded 2 times (x 121B)
Class com.google.common.collect.TransformedListIterator                               : loaded 2 times (x 89B)
Class [Lorg.objectweb.asm.Symbol;                                                     : loaded 2 times (x 65B)
Class org.objectweb.asm.ClassVisitor                                                  : loaded 2 times (x 84B)
Class com.google.common.collect.UnmodifiableListIterator                              : loaded 2 times (x 91B)
Class build_2fjoktrsoxtlv77tjqz1yerya                                                 : loaded 2 times (x 176B)
Class com.google.common.collect.MapMakerInternalMap$StrongKeyDummyValueEntry$LinkedStrongKeyDummyValueEntry: loaded 2 times (x 78B)
Class com.google.common.collect.MapMakerInternalMap$Strength                          : loaded 2 times (x 76B)
Class com.google.common.base.Platform$JdkPatternCompiler                              : loaded 2 times (x 71B)
Class org.objectweb.asm.MethodTooLargeException                                       : loaded 2 times (x 79B)
Class [Lcom.google.common.cache.CacheBuilder$OneWeigher;                              : loaded 2 times (x 65B)
Class com.google.common.base.Suppliers                                                : loaded 2 times (x 67B)
Class org.gradle.internal.classloader.DefaultClassLoaderFactory                       : loaded 2 times (x 78B)
Class com.google.common.base.CharMatcher$None                                         : loaded 2 times (x 108B)
Class org.gradle.internal.classloader.ClassLoaderVisitor                              : loaded 2 times (x 72B)
Class [Lcom.google.common.collect.ImmutableMapEntry;                                  : loaded 2 times (x 65B)
Class org.gradle.api.internal.classpath.EffectiveClassPath                            : loaded 2 times (x 86B)
Class com.google.common.collect.ImmutableRangeSet                                     : loaded 2 times (x 111B)
Class com.google.common.collect.ImmutableEnumMap                                      : loaded 2 times (x 121B)
Class com.google.common.collect.ListMultimap                                          : loaded 2 times (x 66B)
Class com.google.common.collect.Iterators$EmptyModifiableIterator                     : loaded 2 times (x 82B)
Class com.google.common.collect.Sets$1                                                : loaded 2 times (x 135B)
Class org.objectweb.asm.AnnotationVisitor                                             : loaded 2 times (x 74B)
Class com.google.common.base.Splitter                                                 : loaded 2 times (x 68B)
Class org.gradle.api.internal.DefaultClassPathProvider                                : loaded 2 times (x 72B)
Class com.google.common.collect.MapMakerInternalMap$Strength$1                        : loaded 2 times (x 76B)
Class com.google.common.collect.Maps$ViewCachingAbstractMap                           : loaded 2 times (x 121B)
Class com.google.common.collect.Sets$2                                                : loaded 2 times (x 135B)
Class [Lorg.gradle.api.internal.ClassPathProvider;                                    : loaded 2 times (x 65B)
Class org.gradle.api.internal.ClassPathProvider                                       : loaded 2 times (x 66B)
Class com.google.common.collect.MapMakerInternalMap$Strength$2                        : loaded 2 times (x 76B)
Class [Lorg.objectweb.asm.AnnotationVisitor;                                          : loaded 2 times (x 65B)
Class com.google.common.collect.Sets$3                                                : loaded 2 times (x 135B)
Class com.google.common.util.concurrent.AbstractFuture$SafeAtomicHelper               : loaded 2 times (x 75B)
Class com.google.common.cache.LocalCache$LocalLoadingCache                            : loaded 2 times (x 130B)
Class com.google.common.base.AbstractIterator$State                                   : loaded 2 times (x 75B)
Class org.gradle.internal.service.UnknownServiceException                             : loaded 2 times (x 79B)
Class com.google.common.collect.MapMakerInternalMap$StrongValueEntry                  : loaded 2 times (x 66B)
Class com.google.common.io.ByteArrayDataInput                                         : loaded 2 times (x 66B)
Class com.google.common.collect.Sets$4                                                : loaded 2 times (x 135B)
Class org.objectweb.asm.ModuleVisitor                                                 : loaded 2 times (x 77B)
Class com.google.common.cache.LocalCache$Strength$1                                   : loaded 2 times (x 77B)
Class com.google.common.util.concurrent.SettableFuture                                : loaded 2 times (x 110B)
Class com.google.common.cache.LocalCache$Strength$2                                   : loaded 2 times (x 77B)
Class com.google.common.collect.Interners$InternerImpl                                : loaded 2 times (x 71B)
Class com.google.common.collect.Interner                                              : loaded 2 times (x 66B)
Class com.google.common.collect.TransformedIterator                                   : loaded 2 times (x 76B)
Class com.google.common.io.ByteStreams                                                : loaded 2 times (x 67B)
Class com.google.common.cache.LocalCache$Strength$3                                   : loaded 2 times (x 77B)
Class com.google.common.collect.MapDifference                                         : loaded 2 times (x 66B)
Class com.google.common.base.Splitter$1                                               : loaded 2 times (x 73B)
Class settings_eohmli2pj1aavnp4mnyih1t4n$_run_closure1$_closure2                      : loaded 2 times (x 135B)
Class com.google.common.collect.MapMaker$Dummy                                        : loaded 2 times (x 75B)
Class org.objectweb.asm.FieldWriter                                                   : loaded 2 times (x 74B)
Class com.google.common.cache.CacheBuilder$NullListener                               : loaded 2 times (x 78B)
Class settings_eohmli2pj1aavnp4mnyih1t4n                                              : loaded 2 times (x 175B)
Class org.gradle.internal.classpath.TransformedClassPath                              : loaded 2 times (x 92B)
Class org.gradle.internal.classloader.InstrumentingClassLoader                        : loaded 2 times (x 66B)
Class com.google.common.collect.ImmutableListMultimap                                 : loaded 2 times (x 172B)
Class com.google.common.collect.ImmutableRangeSet$AsSet                               : loaded 2 times (x 295B)
Class com.google.common.cache.CacheLoader$FunctionToCacheLoader                       : loaded 2 times (x 71B)
Class com.google.common.collect.Iterators$ArrayItr                                    : loaded 2 times (x 93B)
Class com.google.common.collect.ImmutableCollection$Builder                           : loaded 2 times (x 72B)
Class com.google.common.collect.EmptyImmutableListMultimap                            : loaded 2 times (x 172B)
Class com.google.common.collect.BaseImmutableMultimap                                 : loaded 2 times (x 119B)
Class com.google.common.base.Joiner                                                   : loaded 2 times (x 75B)
Class com.google.common.base.MoreObjects                                              : loaded 2 times (x 67B)
Class [Lorg.objectweb.asm.Type;                                                       : loaded 2 times (x 65B)
Class com.google.common.collect.Platform                                              : loaded 2 times (x 67B)
Class com.google.common.collect.UnmodifiableIterator                                  : loaded 2 times (x 76B)
Class org.gradle.internal.service.ServiceLocator                                      : loaded 2 times (x 66B)
Class com.google.common.base.Ascii                                                    : loaded 2 times (x 67B)
Class com.google.common.collect.SingletonImmutableBiMap                               : loaded 2 times (x 139B)
Class com.google.common.cache.LocalCache$1                                            : loaded 2 times (x 85B)
Class com.google.common.collect.AbstractMapEntry                                      : loaded 2 times (x 77B)
Class com.google.common.collect.MapMakerInternalMap$AbstractStrongKeyEntry            : loaded 2 times (x 76B)
Class com.google.common.collect.Sets$ImprovedAbstractSet                              : loaded 2 times (x 131B)
Class com.google.common.collect.ImmutableList$Builder                                 : loaded 2 times (x 73B)
Class com.google.common.cache.LocalCache$2                                            : loaded 2 times (x 138B)
Class com.google.common.collect.AbstractMultimap                                      : loaded 2 times (x 119B)
Class com.google.common.collect.ImmutableRangeSet$1                                   : loaded 2 times (x 205B)
Class com.google.common.util.concurrent.AbstractFuture$UnsafeAtomicHelper$1           : loaded 2 times (x 72B)
Class com.google.common.collect.RegularImmutableAsList                                : loaded 2 times (x 212B)
Class com.google.common.base.Optional                                                 : loaded 2 times (x 76B)
Class com.google.common.collect.Range                                                 : loaded 2 times (x 83B)
Class com.google.common.util.concurrent.AbstractFuture$Trusted                        : loaded 2 times (x 66B)
Class com.google.common.collect.Iterators                                             : loaded 2 times (x 67B)
Class com.google.common.base.CharMatcher$RangesMatcher                                : loaded 2 times (x 108B)
Class com.google.common.io.ByteSink$AsCharSink                                        : loaded 2 times (x 76B)
Class com.google.common.util.concurrent.UncheckedExecutionException                   : loaded 2 times (x 78B)
Class com.google.common.collect.Lists$StringAsImmutableList                           : loaded 2 times (x 203B)
Class com.google.common.collect.ImmutableSortedSetFauxverideShim                      : loaded 2 times (x 143B)
Class com.google.common.base.CharMatcher$JavaLetterOrDigit                            : loaded 2 times (x 107B)
Class org.gradle.internal.InternalTransformer                                         : loaded 2 times (x 66B)
Class com.google.common.collect.AbstractMapBasedMultimap$KeySet$1                     : loaded 2 times (x 78B)
Class org.objectweb.asm.ClassWriter                                                   : loaded 2 times (x 102B)
Class com.google.common.cache.CacheLoader$UnsupportedLoadingOperationException        : loaded 2 times (x 78B)
Class com.google.common.base.CharMatcher$And                                          : loaded 2 times (x 108B)
Class org.gradle.internal.classloader.ClasspathUtil$1                                 : loaded 2 times (x 72B)
Class com.google.common.base.Objects                                                  : loaded 2 times (x 67B)
Class org.objectweb.asm.FieldVisitor                                                  : loaded 2 times (x 73B)
Class com.google.common.collect.IndexedImmutableSet                                   : loaded 2 times (x 146B)
Class com.google.common.collect.ImmutableMap$1                                        : loaded 2 times (x 77B)
Class com.google.common.collect.BiMap                                                 : loaded 2 times (x 66B)
Class org.gradle.api.internal.classpath.DefaultModuleRegistry$DefaultModule           : loaded 2 times (x 82B)
Class com.google.common.primitives.Ints                                               : loaded 2 times (x 67B)
Class com.google.common.collect.AbstractIterator                                      : loaded 2 times (x 78B)
Class com.google.common.math.MathPreconditions                                        : loaded 2 times (x 67B)
Class com.google.common.collect.Multiset                                              : loaded 2 times (x 66B)
Class com.google.common.collect.ArrayListMultimapGwtSerializationDependencies         : loaded 2 times (x 168B)
Class com.google.common.collect.ObjectArrays                                          : loaded 2 times (x 67B)
Class com.google.common.collect.AbstractIndexedListIterator                           : loaded 2 times (x 92B)
Class com.google.common.collect.ImmutableMapEntrySet                                  : loaded 2 times (x 147B)
Class org.gradle.api.internal.classpath.Module                                        : loaded 2 times (x 66B)
Class com.google.common.cache.Weigher                                                 : loaded 2 times (x 66B)
Class org.gradle.api.internal.classpath.UnknownModuleException                        : loaded 2 times (x 78B)
Class com.google.common.base.Stopwatch                                                : loaded 2 times (x 68B)
Class com.google.common.cache.LocalCache$Strength                                     : loaded 2 times (x 77B)
Class com.google.common.cache.Cache                                                   : loaded 2 times (x 66B)
Class com.google.gson.stream.JsonReader$1                                             : loaded 2 times (x 68B)
Class com.google.common.io.AppendableWriter                                           : loaded 2 times (x 96B)
Class com.google.common.io.Files$2                                                    : loaded 2 times (x 72B)
Class com.google.common.util.concurrent.AbstractFuture$Cancellation                   : loaded 2 times (x 68B)
Class com.google.common.collect.ImmutableMap$Builder                                  : loaded 2 times (x 78B)
Class com.google.common.base.NullnessCasts                                            : loaded 2 times (x 67B)
Class com.google.common.base.Present                                                  : loaded 2 times (x 77B)
Class com.google.common.collect.AbstractMapBasedMultimap$WrappedCollection$WrappedIterator: loaded 2 times (x 80B)
Class com.google.common.cache.RemovalListener                                         : loaded 2 times (x 66B)
Class org.gradle.api.internal.DefaultClassPathRegistry                                : loaded 2 times (x 72B)
Class com.google.common.collect.ImmutableMultimap$Keys                                : loaded 2 times (x 162B)
Class com.google.common.primitives.IntsMethodsForWeb                                  : loaded 2 times (x 67B)
Class com.google.common.collect.Multimap                                              : loaded 2 times (x 66B)
Class org.gradle.api.internal.ClassPathRegistry                                       : loaded 2 times (x 66B)
Class org.gradle.internal.classpath.DefaultClassPath$ImmutableUniqueList              : loaded 2 times (x 195B)
Class com.google.common.collect.MapMakerInternalMap$Segment                           : loaded 2 times (x 138B)
Class com.google.common.base.ExtraObjectsMethodsForWeb                                : loaded 2 times (x 67B)
Class com.google.common.io.ByteSink                                                   : loaded 2 times (x 72B)
Class com.google.common.cache.CacheBuilder                                            : loaded 2 times (x 68B)
Class com.google.common.collect.SingletonImmutableList                                : loaded 2 times (x 203B)
Class org.gradle.internal.classpath.ClassPath                                         : loaded 2 times (x 66B)
Class org.gradle.api.UncheckedIOException                                             : loaded 2 times (x 78B)
Class com.google.common.collect.Interners$InternerBuilder                             : loaded 2 times (x 72B)
Class com.google.common.io.Files$FileByteSource                                       : loaded 2 times (x 81B)
Class com.google.common.collect.ImmutableList$ReverseImmutableList                    : loaded 2 times (x 204B)
Class com.google.common.base.JdkPattern                                               : loaded 2 times (x 71B)
Class com.google.common.io.CharStreams$NullWriter                                     : loaded 2 times (x 95B)
Class org.objectweb.asm.SymbolTable$Entry                                             : loaded 2 times (x 70B)
Class com.google.common.util.concurrent.AbstractFuture$AtomicHelper                   : loaded 2 times (x 74B)
Class com.google.gson.internal.JsonReaderInternalAccess                               : loaded 2 times (x 68B)
Class org.objectweb.asm.Edge                                                          : loaded 2 times (x 68B)
Class com.google.common.base.Suppliers$SupplierOfInstance                             : loaded 2 times (x 75B)
Class com.google.common.collect.Iterators$1                                           : loaded 2 times (x 77B)
Class com.google.common.cache.LocalCache$ComputingValueReference                      : loaded 2 times (x 92B)
Class com.google.common.collect.SingletonImmutableSet                                 : loaded 2 times (x 142B)
Class com.google.common.collect.ImmutableMap$IteratorBasedImmutableMap                : loaded 2 times (x 121B)
Class com.google.common.cache.LocalCache$Segment                                      : loaded 2 times (x 150B)
Class com.google.common.collect.SortedIterable                                        : loaded 2 times (x 66B)
Class [Lorg.objectweb.asm.SymbolTable$Entry;                                          : loaded 2 times (x 65B)
Class com.google.common.cache.CacheLoader                                             : loaded 2 times (x 70B)
Class com.google.common.collect.Iterators$4                                           : loaded 2 times (x 78B)
Class com.google.common.collect.ImmutableBiMap                                        : loaded 2 times (x 139B)
Class com.google.common.collect.AbstractListMultimap                                  : loaded 2 times (x 168B)
Class org.gradle.internal.installation.GradleInstallation$1                           : loaded 2 times (x 71B)
Class org.gradle.api.internal.classpath.ModuleRegistry                                : loaded 2 times (x 66B)
Class com.google.common.util.concurrent.internal.InternalFutureFailureAccess          : loaded 2 times (x 68B)
Class com.google.common.collect.Iterators$5                                           : loaded 2 times (x 78B)
Class com.google.common.collect.ImmutableSet$JdkBackedSetBuilderImpl                  : loaded 2 times (x 72B)
Class com.google.common.base.Splitter$SplittingIterator                               : loaded 2 times (x 80B)
Class com.google.common.collect.ImmutableMultimap$Values                              : loaded 2 times (x 122B)
Class com.google.common.io.Closer$SuppressingSuppressor                               : loaded 2 times (x 71B)
Class com.google.common.util.concurrent.AbstractFuture$UnsafeAtomicHelper             : loaded 2 times (x 74B)
Class com.google.common.cache.LocalCache$LocalManualCache$1                           : loaded 2 times (x 71B)
Class com.google.common.base.CharMatcher$ForPredicate                                 : loaded 2 times (x 108B)
Class com.google.common.collect.ImmutableCollection                                   : loaded 2 times (x 121B)
Class com.google.common.base.CharMatcher$AnyOf                                        : loaded 2 times (x 108B)
Class org.gradle.api.internal.classpath.DefaultModuleRegistry                         : loaded 2 times (x 82B)
Class com.google.common.util.concurrent.ListenableFuture                              : loaded 2 times (x 66B)
Class com.google.common.cache.ReferenceEntry                                          : loaded 2 times (x 66B)
Class com.google.common.collect.ImmutableSet$CachingAsList                            : loaded 2 times (x 143B)
Class com.google.common.base.Converter                                                : loaded 2 times (x 86B)
Class com.google.common.collect.Lists                                                 : loaded 2 times (x 67B)
Class com.google.common.base.CharMatcher$Any                                          : loaded 2 times (x 108B)
Class com.google.common.util.concurrent.AbstractFuture                                : loaded 2 times (x 102B)
Class com.google.common.base.FunctionalEquivalence                                    : loaded 2 times (x 79B)
Class com.google.common.collect.Iterators$9                                           : loaded 2 times (x 77B)
Class com.google.common.collect.AbstractMapBasedMultimap                              : loaded 2 times (x 135B)
Class com.google.common.collect.ImmutableAsList                                       : loaded 2 times (x 205B)
Class com.google.common.io.CharStreams                                                : loaded 2 times (x 67B)
Class com.google.common.collect.ImmutableMultiset                                     : loaded 2 times (x 159B)
Class org.objectweb.asm.RecordComponentVisitor                                        : loaded 2 times (x 73B)
Class com.google.common.cache.CacheLoader$SupplierToCacheLoader                       : loaded 2 times (x 71B)
Class com.google.common.collect.Maps$EntryTransformer                                 : loaded 2 times (x 66B)
Class org.gradle.internal.service.ServiceLookupException                              : loaded 2 times (x 78B)
Class com.google.common.collect.ImmutableSortedSet                                    : loaded 2 times (x 295B)
Class [Lcom.google.common.cache.LocalCache$EntryFactory;                              : loaded 2 times (x 65B)
Class com.google.common.base.CharMatcher$JavaLetter                                   : loaded 2 times (x 107B)
Class org.gradle.internal.classloader.ClassLoaderFactory                              : loaded 2 times (x 66B)
Class com.google.common.collect.ImmutableMap$SerializedForm                           : loaded 2 times (x 69B)
Class com.google.common.cache.LocalCache$LocalManualCache                             : loaded 2 times (x 95B)
Class com.google.common.base.CharMatcher$IsNot                                        : loaded 2 times (x 107B)
Class com.google.common.base.CommonPattern                                            : loaded 2 times (x 70B)
Class org.gradle.internal.service.CachingServiceLocator                               : loaded 2 times (x 78B)
Class com.google.common.collect.RegularImmutableSortedSet                             : loaded 2 times (x 295B)
Class com.google.common.collect.AbstractMapBasedMultimap$KeySet                       : loaded 2 times (x 133B)
Class com.google.common.math.IntMath                                                  : loaded 2 times (x 67B)
Class com.google.common.collect.MapMakerInternalMap$InternalEntry                     : loaded 2 times (x 66B)
Class org.objectweb.asm.commons.InstructionAdapter                                    : loaded 2 times (x 184B)
Class com.google.common.collect.Iterators$10                                          : loaded 2 times (x 77B)
Class com.google.common.collect.ImmutableMapEntry                                     : loaded 2 times (x 81B)
Class com.google.common.base.CharMatcher$JavaDigit                                    : loaded 2 times (x 107B)
Class com.google.common.collect.ImmutableMultimap                                     : loaded 2 times (x 143B)
Class com.google.common.base.Equivalence                                              : loaded 2 times (x 78B)
Class com.google.common.collect.ImmutableMapEntry$NonTerminalImmutableMapEntry        : loaded 2 times (x 81B)
Class com.google.common.base.Function                                                 : loaded 2 times (x 66B)
Class com.google.common.cache.CacheBuilder$OneWeigher                                 : loaded 2 times (x 78B)
Class com.google.common.collect.RegularImmutableList                                  : loaded 2 times (x 208B)
Class com.google.common.collect.ImmutableBiMapFauxverideShim                          : loaded 2 times (x 116B)
Class org.gradle.internal.classloader.ClasspathUtil                                   : loaded 2 times (x 67B)
Class com.google.common.base.Charsets                                                 : loaded 2 times (x 67B)
Class com.google.common.util.concurrent.Uninterruptibles                              : loaded 2 times (x 67B)
Class com.google.common.collect.Maps                                                  : loaded 2 times (x 67B)
Class com.google.common.base.CharMatcher$JavaUpperCase                                : loaded 2 times (x 107B)
Class org.gradle.api.specs.Spec                                                       : loaded 2 times (x 66B)
Class com.google.common.collect.MapMaker                                              : loaded 2 times (x 68B)
Class [Lcom.google.common.collect.ImmutableEntry;                                     : loaded 2 times (x 65B)
Class com.google.common.cache.LocalCache$LoadingValueReference                        : loaded 2 times (x 92B)
Class com.google.common.io.LineReader$1                                               : loaded 2 times (x 71B)
Class com.google.common.collect.CollectSpliterators                                   : loaded 2 times (x 67B)
Class com.google.common.collect.AbstractMapBasedMultimap$AsMap                        : loaded 2 times (x 124B)
Class com.google.common.collect.MapMakerInternalMap$StrongKeyDummyValueEntry          : loaded 2 times (x 78B)
Class com.google.common.base.Platform                                                 : loaded 2 times (x 67B)
Class com.google.common.collect.AbstractMapBasedMultimap$WrappedList                  : loaded 2 times (x 201B)
Class [Lorg.objectweb.asm.AnnotationWriter;                                           : loaded 2 times (x 65B)
Class com.google.common.primitives.Ints$IntConverter                                  : loaded 2 times (x 86B)
Class com.google.common.collect.Maps$8                                                : loaded 2 times (x 78B)
Class [Lcom.google.common.collect.Iterators$EmptyModifiableIterator;                  : loaded 2 times (x 65B)
Class com.google.common.collect.ImmutableRangeSet$Builder                             : loaded 2 times (x 73B)
Class com.google.common.collect.Sets$SetView                                          : loaded 2 times (x 134B)
Class com.google.common.cache.LocalCache$StrongValueReference                         : loaded 2 times (x 86B)
Class com.google.common.util.concurrent.AbstractFuture$SynchronizedHelper             : loaded 2 times (x 74B)
Class com.google.common.base.CharMatcher$Invisible                                    : loaded 2 times (x 108B)
Class com.google.common.graph.SuccessorsFunction                                      : loaded 2 times (x 66B)
Class [Lcom.google.gson.stream.JsonToken;                                             : loaded 2 times (x 65B)
Class org.objectweb.asm.Type                                                          : loaded 2 times (x 68B)
Class org.gradle.internal.classloader.VisitableURLClassLoader$InstrumentingVisitableURLClassLoader: loaded 2 times (x 119B)
Class com.google.common.collect.MapMakerInternalMap$StrongKeyDummyValueEntry$Helper   : loaded 2 times (x 75B)
Class com.google.common.io.Files$FileByteSink                                         : loaded 2 times (x 73B)
Class org.objectweb.asm.ByteVector                                                    : loaded 2 times (x 75B)
Class [Lcom.google.common.cache.CacheBuilder$NullListener;                            : loaded 2 times (x 65B)
Class com.google.common.math.IntMath$1                                                : loaded 2 times (x 67B)
Class org.gradle.internal.classloader.VisitableURLClassLoader$Spec                    : loaded 2 times (x 70B)
Class org.gradle.internal.classpath.DefaultClassPath                                  : loaded 2 times (x 86B)
Class org.objectweb.asm.Symbol                                                        : loaded 2 times (x 69B)
Class com.google.common.base.AbstractIterator                                         : loaded 2 times (x 76B)
Class com.google.common.io.Java8Compatibility                                         : loaded 2 times (x 67B)
Class com.google.common.io.Closer                                                     : loaded 2 times (x 74B)
Class com.google.common.collect.RegularImmutableMap$Values                            : loaded 2 times (x 203B)
Class com.google.common.collect.ImmutableSet                                          : loaded 2 times (x 141B)
Class com.google.common.base.CharMatcher$BitSetMatcher                                : loaded 2 times (x 108B)
Class com.google.common.base.CharMatcher$Ascii                                        : loaded 2 times (x 108B)
Class org.gradle.internal.classloader.ClassLoaderSpec                                 : loaded 2 times (x 67B)
Class org.objectweb.asm.AnnotationWriter                                              : loaded 2 times (x 75B)
Class com.google.common.cache.CacheStats                                              : loaded 2 times (x 67B)
Class com.google.common.collect.ImmutableMultisetGwtSerializationDependencies         : loaded 2 times (x 121B)
Class com.google.common.collect.Interners                                             : loaded 2 times (x 67B)
Class com.google.common.io.Closer$Suppressor                                          : loaded 2 times (x 66B)
Class com.google.common.io.LineProcessor                                              : loaded 2 times (x 66B)
Class org.objectweb.asm.RecordComponentWriter                                         : loaded 2 times (x 74B)
Class com.google.common.util.concurrent.AbstractFuture$Listener                       : loaded 2 times (x 68B)
Class com.google.common.base.CharMatcher$Or                                           : loaded 2 times (x 108B)
Class org.objectweb.asm.Attribute                                                     : loaded 2 times (x 73B)
Class com.google.common.base.Supplier                                                 : loaded 2 times (x 66B)
Class org.gradle.internal.classloader.VisitableURLClassLoader                         : loaded 2 times (x 113B)
Class com.google.common.util.concurrent.AbstractFuture$Waiter                         : loaded 2 times (x 68B)
Class org.gradle.internal.Cast                                                        : loaded 2 times (x 67B)
Class org.gradle.api.Action                                                           : loaded 2 times (x 66B)
Class com.google.common.collect.MapMakerInternalMap                                   : loaded 2 times (x 157B)
Class com.google.common.base.Strings                                                  : loaded 2 times (x 67B)
Class com.google.common.collect.Sets                                                  : loaded 2 times (x 67B)
Class org.objectweb.asm.Handler                                                       : loaded 2 times (x 68B)
Class com.google.common.base.Ticker                                                   : loaded 2 times (x 68B)
Class com.google.common.base.CharMatcher$FastMatcher                                  : loaded 2 times (x 107B)
Class [Lcom.google.common.cache.LocalCache$Segment;                                   : loaded 2 times (x 65B)
Class [Lcom.google.common.cache.LocalCache$Strength;                                  : loaded 2 times (x 65B)
Class com.google.common.cache.CacheBuilder$1                                          : loaded 2 times (x 81B)
Class com.google.common.collect.ImmutableMap                                          : loaded 2 times (x 116B)
Class com.google.common.base.Predicate                                                : loaded 2 times (x 66B)
Class org.gradle.internal.classpath.DefaultClassPath$ImmutableUniqueList$Builder      : loaded 2 times (x 71B)
Class com.google.common.collect.MapMakerInternalMap$WeakValueReference                : loaded 2 times (x 66B)
Class com.google.common.collect.AbstractRangeSet                                      : loaded 2 times (x 110B)
Class com.google.gson.stream.JsonToken                                                : loaded 2 times (x 75B)
Class com.google.common.cache.LocalCache                                              : loaded 2 times (x 183B)
Class com.google.common.cache.CacheBuilder$2                                          : loaded 2 times (x 68B)
Class com.google.common.base.CharMatcher$NegatedFastMatcher                           : loaded 2 times (x 109B)
Class [Lcom.google.common.collect.AbstractMapEntry;                                   : loaded 2 times (x 65B)
Class com.google.common.collect.ImmutableEntry                                        : loaded 2 times (x 78B)
Class com.google.common.collect.ArrayListMultimap                                     : loaded 2 times (x 168B)
Class com.google.common.base.AbstractIterator$1                                       : loaded 2 times (x 67B)
Class com.google.common.base.CharMatcher$Digit                                        : loaded 2 times (x 108B)
Class org.gradle.api.GradleException                                                  : loaded 2 times (x 78B)
Class com.google.common.base.Suppliers$MemoizingSupplier                              : loaded 2 times (x 75B)
Class com.google.common.collect.CollectPreconditions                                  : loaded 2 times (x 67B)
Class com.google.common.base.CharMatcher$JavaIsoControl                               : loaded 2 times (x 108B)
Class settings_eohmli2pj1aavnp4mnyih1t4n$_run_closure1                                : loaded 2 times (x 135B)
Class [Lcom.google.common.collect.MapMakerInternalMap$Strength;                       : loaded 2 times (x 65B)
Class [Lcom.google.common.io.FileWriteMode;                                           : loaded 2 times (x 65B)
Class com.google.common.collect.SortedMapDifference                                   : loaded 2 times (x 66B)
Class com.google.common.base.CharMatcher$JavaLowerCase                                : loaded 2 times (x 107B)
Class settings_eohmli2pj1aavnp4mnyih1t4n$_run_closure1$_closure2$_closure3            : loaded 2 times (x 135B)
Class com.google.common.collect.MapMakerInternalMap$StrongKeyDummyValueSegment        : loaded 2 times (x 138B)
Class com.google.common.cache.LocalCache$WriteThroughEntry                            : loaded 2 times (x 75B)
Class com.google.common.cache.LocalCache$HashIterator                                 : loaded 2 times (x 82B)
Class com.google.common.io.Files                                                      : loaded 2 times (x 67B)
Class com.google.common.cache.LocalCache$EntryFactory                                 : loaded 2 times (x 79B)
Class [Lcom.google.common.collect.MapMaker$Dummy;                                     : loaded 2 times (x 65B)
Class com.google.common.cache.LocalCache$AbstractReferenceEntry                       : loaded 2 times (x 103B)
Class com.google.common.base.Splitter$1$1                                             : loaded 2 times (x 82B)
Class com.google.common.base.CharMatcher$Whitespace                                   : loaded 2 times (x 108B)
Class org.gradle.internal.IoActions                                                   : loaded 2 times (x 67B)
Class com.google.common.collect.ImmutableMapKeySet                                    : loaded 2 times (x 146B)
Class com.google.common.collect.ImmutableRangeSet$ComplementRanges                    : loaded 2 times (x 203B)
Class org.objectweb.asm.SymbolTable                                                   : loaded 2 times (x 68B)
Class com.google.common.cache.CacheLoader$InvalidCacheLoadException                   : loaded 2 times (x 78B)
Class com.google.common.collect.ImmutableSet$RegularSetBuilderImpl                    : loaded 2 times (x 73B)
Class com.google.common.base.CharMatcher$SingleWidth                                  : loaded 2 times (x 108B)
Class org.gradle.internal.classloader.SystemClassLoaderSpec                           : loaded 2 times (x 67B)
Class com.google.common.cache.LocalCache$StrongEntry                                  : loaded 2 times (x 104B)
Class com.google.common.util.concurrent.AbstractFuture$TrustedFuture                  : loaded 2 times (x 110B)
Class com.google.common.cache.LoadingCache                                            : loaded 2 times (x 66B)
Class com.google.common.base.Suppliers$NonSerializableMemoizingSupplier               : loaded 2 times (x 75B)
Class com.google.common.io.ByteStreams$LimitedInputStream                             : loaded 2 times (x 88B)
Class org.objectweb.asm.MethodWriter                                                  : loaded 2 times (x 102B)
Class [Lcom.google.common.cache.Weigher;                                              : loaded 2 times (x 65B)
Class com.google.common.collect.RegularImmutableMap$BucketOverflowException           : loaded 2 times (x 78B)
Class com.google.common.collect.ImmutableMultimap$1                                   : loaded 2 times (x 78B)
Class com.google.common.collect.AbstractMapBasedMultimap$RandomAccessWrappedList      : loaded 2 times (x 201B)
Class com.google.common.collect.ImmutableMultimap$2                                   : loaded 2 times (x 77B)
Class com.google.common.collect.RegularImmutableBiMap                                 : loaded 2 times (x 144B)
Class com.google.common.cache.LocalCache$ValueReference                               : loaded 2 times (x 66B)
Class com.google.common.base.CharMatcher$Negated                                      : loaded 2 times (x 109B)
Class com.google.common.base.CharMatcher$Is                                           : loaded 2 times (x 107B)
Class com.google.common.base.PatternCompiler                                          : loaded 2 times (x 66B)
Class com.google.common.util.concurrent.AbstractFuture$Failure                        : loaded 2 times (x 68B)
Class com.google.common.base.Equivalence$Equals                                       : loaded 2 times (x 78B)
Class com.google.common.collect.Hashing                                               : loaded 2 times (x 67B)
Class com.google.common.base.Preconditions                                            : loaded 2 times (x 67B)
Class com.google.common.collect.ImmutableSetMultimap                                  : loaded 2 times (x 176B)
Class com.google.common.io.CharSink                                                   : loaded 2 times (x 75B)
Class com.google.common.base.Joiner$1                                                 : loaded 2 times (x 76B)
Class org.objectweb.asm.Label                                                         : loaded 2 times (x 69B)
Class org.objectweb.asm.CurrentFrame                                                  : loaded 2 times (x 69B)
Class org.objectweb.asm.ClassTooLargeException                                        : loaded 2 times (x 79B)
Class com.google.gson.stream.JsonReader                                               : loaded 2 times (x 93B)
Class com.google.common.collect.PeekingIterator                                       : loaded 2 times (x 66B)
Class com.google.common.base.CharMatcher                                              : loaded 2 times (x 107B)
Class com.google.common.collect.MapMakerInternalMap$InternalEntryHelper               : loaded 2 times (x 66B)
Class com.google.common.collect.Maps$IteratorBasedAbstractMap                         : loaded 2 times (x 121B)
Class com.google.common.collect.RangeGwtSerializationDependencies                     : loaded 2 times (x 67B)
Class com.google.common.collect.Table                                                 : loaded 2 times (x 66B)
Class com.google.common.base.Joiner$2                                                 : loaded 2 times (x 75B)
Class org.objectweb.asm.Frame                                                         : loaded 2 times (x 69B)
Class org.objectweb.asm.MethodVisitor                                                 : loaded 2 times (x 101B)
Class com.google.common.cache.LocalCache$EntryFactory$1                               : loaded 2 times (x 79B)
Class [Lcom.google.common.cache.RemovalListener;                                      : loaded 2 times (x 65B)
Class com.google.common.base.CharMatcher$1                                            : loaded 2 times (x 109B)
Class com.google.common.base.CharMatcher$NamedFastMatcher                             : loaded 2 times (x 108B)
Class com.google.common.collect.RangeSet                                              : loaded 2 times (x 66B)
Class com.google.common.cache.LocalCache$EntryFactory$2                               : loaded 2 times (x 79B)
Class org.gradle.api.internal.classpath.GlobalCacheRootsProvider                      : loaded 2 times (x 66B)
Class com.google.common.collect.CollectCollectors                                     : loaded 2 times (x 67B)
Class org.objectweb.asm.ModuleWriter                                                  : loaded 2 times (x 78B)
Class com.google.common.cache.LocalCache$EntryFactory$3                               : loaded 2 times (x 79B)
Class com.google.common.base.Ticker$1                                                 : loaded 2 times (x 68B)
Class com.google.common.collect.ImmutableMapEntrySet$RegularEntrySet                  : loaded 2 times (x 147B)
Class com.google.common.collect.Maps$BiMapConverter                                   : loaded 2 times (x 86B)
Class com.google.common.collect.CollectSpliterators$1                                 : loaded 2 times (x 86B)
Class com.google.common.collect.SetMultimap                                           : loaded 2 times (x 66B)
Class com.google.common.cache.LocalCache$EntryFactory$4                               : loaded 2 times (x 79B)
Class com.google.common.collect.ImmutableSet$Builder                                  : loaded 2 times (x 81B)
Class com.google.common.base.CharMatcher$InRange                                      : loaded 2 times (x 107B)
Class com.google.common.io.ByteStreams$1                                              : loaded 2 times (x 81B)
Class com.google.common.cache.LocalCache$EntryFactory$5                               : loaded 2 times (x 79B)
Class com.google.common.cache.LocalCache$EntryFactory$6                               : loaded 2 times (x 79B)
Class org.gradle.internal.installation.CurrentGradleInstallationLocator               : loaded 2 times (x 67B)
Class com.google.common.collect.ImmutableMultimap$Builder                             : loaded 2 times (x 79B)
Class com.google.common.collect.Maps$KeySet                                           : loaded 2 times (x 133B)
Class com.google.common.cache.LocalCache$EntryFactory$7                               : loaded 2 times (x 79B)
Class com.google.common.collect.ImmutableSet$EmptySetBuilderImpl                      : loaded 2 times (x 72B)
Class com.google.common.collect.ImmutableList                                         : loaded 2 times (x 202B)
Class org.gradle.internal.service.DefaultServiceLocator                               : loaded 2 times (x 79B)
Class build_2fjoktrsoxtlv77tjqz1yerya$_run_closure1                                   : loaded 2 times (x 135B)
Class com.google.common.collect.ImmutableMultimap$EntryCollection                     : loaded 2 times (x 123B)
Class com.google.common.collect.Maps$EntrySet                                         : loaded 2 times (x 132B)
Class com.google.common.cache.LocalCache$EntryFactory$8                               : loaded 2 times (x 79B)
Class com.google.common.collect.ImmutableSet$SetBuilderImpl                           : loaded 2 times (x 72B)
Class org.gradle.internal.installation.CurrentGradleInstallation                      : loaded 2 times (x 69B)
Class com.google.common.cache.CacheLoader$1                                           : loaded 2 times (x 71B)
Class com.google.common.collect.ForwardingObject                                      : loaded 2 times (x 68B)
Class com.google.common.collect.ImmutableList$SubList                                 : loaded 2 times (x 204B)
Class org.gradle.util.internal.GUtil                                                  : loaded 2 times (x 67B)
Class com.google.common.io.ByteSource                                                 : loaded 2 times (x 80B)
Class com.google.common.util.concurrent.AbstractFuture$SetFuture                      : loaded 2 times (x 71B)
Class com.google.common.cache.AbstractCache$StatsCounter                              : loaded 2 times (x 66B)
Class com.google.common.io.LineBuffer                                                 : loaded 2 times (x 71B)
Class com.google.common.collect.MapMakerInternalMap$1                                 : loaded 2 times (x 79B)
Class com.google.common.collect.Iterators$MergingIterator                             : loaded 2 times (x 77B)
Class com.google.common.collect.RegularImmutableSet                                   : loaded 2 times (x 144B)
Class org.gradle.internal.installation.GradleInstallation                             : loaded 2 times (x 71B)
Class com.google.common.collect.Iterables                                             : loaded 2 times (x 67B)
Class com.google.common.base.Splitter$Strategy                                        : loaded 2 times (x 66B)

---------------  S Y S T E M  ---------------

OS:
 Windows 11 , 64 bit Build 22621 (10.0.22621.5262)
OS uptime: 21 days 11:30 hours
Hyper-V role detected

CPU: total 16 (initial active 16) (8 cores per cpu, 2 threads per core) family 6 model 141 stepping 1 microcode 0x3c, cx8, cmov, fxsr, ht, mmx, 3dnowpref, sse, sse2, sse3, ssse3, sse4.1, sse4.2, popcnt, lzcnt, tsc, tscinvbit, avx, avx2, aes, erms, clmul, bmi1, bmi2, adx, avx512f, avx512dq, avx512cd, avx512bw, avx512vl, sha, fma, vzeroupper, avx512_vpopcntdq, avx512_vpclmulqdq, avx512_vaes, avx512_vnni, clflush, clflushopt, clwb, avx512_vbmi2, avx512_vbmi, hv, rdtscp, rdpid, fsrm, gfni, avx512_bitalg, f16c, cet_ibt, cet_ss, avx512_ifma
Processor Information for all 16 processors :
  Max Mhz: 2304, Current Mhz: 2304, Mhz Limit: 2304

Memory: 4k page, system-wide physical 7955M (401M free)
TotalPageFile size 32531M (AvailPageFile size 16M)
current process WorkingSet (physical memory assigned to process): 558M, peak: 564M
current process commit charge ("private bytes"): 722M, peak: 835M

vm_info: OpenJDK 64-Bit Server VM (21.0.5+-13047016-b750.29) for windows-amd64 JRE (21.0.5+-13047016-b750.29), built on 2025-02-11T21:12:39Z by "builder" with MS VC++ 16.10 / 16.11 (VS2019)

END.
